{"name":"52670073-f6ba-4d5a-bd4a-84aeac998502","id":"/providers/Microsoft.Flow/flows/52670073-f6ba-4d5a-bd4a-84aeac998502","type":"Microsoft.Flow/flows","properties":{"apiId":"/providers/Microsoft.PowerApps/apis/shared_logicflows","displayName":"Solution Create Transposed HTML Table from Dataverse","definition":{"metadata":{"workflowEntityId":null,"processAdvisorMetadata":null,"flowclientsuspensionreason":"None","flowclientsuspensiontime":null,"creator":{"id":"6c646262-4f6f-4bfb-88c7-86b3d1252cac","type":"User","tenantId":"16c901d1-9763-49b1-961c-6cd701f5d0f7"},"provisioningMethod":"FromDefinition","failureAlertSubscription":true,"clientLastModifiedTime":"2022-04-29T16:01:32.5349194Z"},"$schema":"https://schema.management.azure.com/providers/Microsoft.Logic/schemas/2016-06-01/workflowdefinition.json#","contentVersion":"1.0.0.0","parameters":{"$authentication":{"defaultValue":{},"type":"SecureObject"}},"triggers":{"manual":{"metadata":{"operationMetadataId":"b241d923-dfe0-4bb1-9629-29e16bbeb3a8"},"type":"Request","kind":"Button","inputs":{"schema":{"type":"object","properties":{},"required":[]}}}},"actions":{"Compose":{"runAfter":{},"metadata":{"operationMetadataId":"00d6345b-96af-4fad-b9e9-4ff00a4492f5"},"type":"Compose","inputs":{"value":[{"CI_count@OData.Community.Display.V1.AttributeName":"cif_ciid","CI_count@OData.Community.Display.V1.FormattedValue":"2","CI_count":2,"BU@OData.Community.Display.V1.AttributeName":"owningbusinessunit","BU@OData.Community.Display.V1.FormattedValue":"Pro","BU@Microsoft.Dynamics.CRM.lookuplogicalname":"businessunit","BU":"5d22e508-506e-eb11-b0b0-000d3a8c8077","Status@OData.Community.Display.V1.AttributeName":"cif_ideastate","Status@OData.Community.Display.V1.FormattedValue":"Draft","Status":1},{"CI_count@OData.Community.Display.V1.AttributeName":"cif_ciid","CI_count@OData.Community.Display.V1.FormattedValue":"2","CI_count":2,"BU@OData.Community.Display.V1.AttributeName":"owningbusinessunit","BU@OData.Community.Display.V1.FormattedValue":"Pro","BU@Microsoft.Dynamics.CRM.lookuplogicalname":"businessunit","BU":"5d22e508-506e-eb11-b0b0-000d3a8c8077","Status@OData.Community.Display.V1.AttributeName":"cif_ideastate","Status@OData.Community.Display.V1.FormattedValue":"Waiting For Approval","Status":3},{"CI_count@OData.Community.Display.V1.AttributeName":"cif_ciid","CI_count@OData.Community.Display.V1.FormattedValue":"5","CI_count":5,"BU@OData.Community.Display.V1.AttributeName":"owningbusinessunit","BU@OData.Community.Display.V1.FormattedValue":"Pro","BU@Microsoft.Dynamics.CRM.lookuplogicalname":"businessunit","BU":"5d22e508-506e-eb11-b0b0-000d3a8c8077","Status@OData.Community.Display.V1.AttributeName":"cif_ideastate","Status@OData.Community.Display.V1.FormattedValue":"Approved","Status":4},{"CI_count@OData.Community.Display.V1.AttributeName":"cif_ciid","CI_count@OData.Community.Display.V1.FormattedValue":"1","CI_count":1,"BU@OData.Community.Display.V1.AttributeName":"owningbusinessunit","BU@OData.Community.Display.V1.FormattedValue":"Pro","BU@Microsoft.Dynamics.CRM.lookuplogicalname":"businessunit","BU":"5d22e508-506e-eb11-b0b0-000d3a8c8077","Status@OData.Community.Display.V1.AttributeName":"cif_ideastate","Status@OData.Community.Display.V1.FormattedValue":"Develop","Status":7},{"CI_count@OData.Community.Display.V1.AttributeName":"cif_ciid","CI_count@OData.Community.Display.V1.FormattedValue":"5","CI_count":5,"BU@OData.Community.Display.V1.AttributeName":"owningbusinessunit","BU@OData.Community.Display.V1.FormattedValue":"Pro","BU@Microsoft.Dynamics.CRM.lookuplogicalname":"businessunit","BU":"5d22e508-506e-eb11-b0b0-000d3a8c8077","Status@OData.Community.Display.V1.AttributeName":"cif_ideastate","Status@OData.Community.Display.V1.FormattedValue":"Completed","Status":9},{"CI_count@OData.Community.Display.V1.AttributeName":"cif_ciid","CI_count@OData.Community.Display.V1.FormattedValue":"1","CI_count":1,"BU@OData.Community.Display.V1.AttributeName":"owningbusinessunit","BU@OData.Community.Display.V1.FormattedValue":"DIR 1","BU@Microsoft.Dynamics.CRM.lookuplogicalname":"businessunit","BU":"7a27f8cb-7888-eb11-a812-0022481d2798","Status@OData.Community.Display.V1.AttributeName":"cif_ideastate","Status@OData.Community.Display.V1.FormattedValue":"Waiting For Approval","Status":3},{"CI_count@OData.Community.Display.V1.AttributeName":"cif_ciid","CI_count@OData.Community.Display.V1.FormattedValue":"1","CI_count":1,"BU@OData.Community.Display.V1.AttributeName":"owningbusinessunit","BU@OData.Community.Display.V1.FormattedValue":"Team 1","BU@Microsoft.Dynamics.CRM.lookuplogicalname":"businessunit","BU":"e2a30906-7988-eb11-a812-0022481d2798","Status@OData.Community.Display.V1.AttributeName":"cif_ideastate","Status@OData.Community.Display.V1.FormattedValue":"Approved","Status":4},{"CI_count@OData.Community.Display.V1.AttributeName":"cif_ciid","CI_count@OData.Community.Display.V1.FormattedValue":"1","CI_count":1,"BU@OData.Community.Display.V1.AttributeName":"owningbusinessunit","BU@OData.Community.Display.V1.FormattedValue":"Team 1","BU@Microsoft.Dynamics.CRM.lookuplogicalname":"businessunit","BU":"e2a30906-7988-eb11-a812-0022481d2798","Status@OData.Community.Display.V1.AttributeName":"cif_ideastate","Status@OData.Community.Display.V1.FormattedValue":"On Hold","Status":6},{"CI_count@OData.Community.Display.V1.AttributeName":"cif_ciid","CI_count@OData.Community.Display.V1.FormattedValue":"1","CI_count":1,"BU@OData.Community.Display.V1.AttributeName":"owningbusinessunit","BU@OData.Community.Display.V1.FormattedValue":"Team 2","BU@Microsoft.Dynamics.CRM.lookuplogicalname":"businessunit","BU":"76c1da18-7988-eb11-a812-0022481d2798","Status@OData.Community.Display.V1.AttributeName":"cif_ideastate","Status@OData.Community.Display.V1.FormattedValue":"Draft","Status":1},{"CI_count@OData.Community.Display.V1.AttributeName":"cif_ciid","CI_count@OData.Community.Display.V1.FormattedValue":"1","CI_count":1,"BU@OData.Community.Display.V1.AttributeName":"owningbusinessunit","BU@OData.Community.Display.V1.FormattedValue":"Team 3","BU@Microsoft.Dynamics.CRM.lookuplogicalname":"businessunit","BU":"1c4e7427-7988-eb11-a812-0022481d2798","Status@OData.Community.Display.V1.AttributeName":"cif_ideastate","Status@OData.Community.Display.V1.FormattedValue":"Waiting For Approval","Status":3},{"CI_count@OData.Community.Display.V1.AttributeName":"cif_ciid","CI_count@OData.Community.Display.V1.FormattedValue":"1","CI_count":1,"BU@OData.Community.Display.V1.AttributeName":"owningbusinessunit","BU@OData.Community.Display.V1.FormattedValue":"Team 3","BU@Microsoft.Dynamics.CRM.lookuplogicalname":"businessunit","BU":"1c4e7427-7988-eb11-a812-0022481d2798","Status@OData.Community.Display.V1.AttributeName":"cif_ideastate","Status@OData.Community.Display.V1.FormattedValue":"Develop","Status":7},{"CI_count@OData.Community.Display.V1.AttributeName":"cif_ciid","CI_count@OData.Community.Display.V1.FormattedValue":"2","CI_count":2,"BU@OData.Community.Display.V1.AttributeName":"owningbusinessunit","BU@OData.Community.Display.V1.FormattedValue":"Team 4","BU@Microsoft.Dynamics.CRM.lookuplogicalname":"businessunit","BU":"9a55253b-7988-eb11-a812-0022481d2798","Status@OData.Community.Display.V1.AttributeName":"cif_ideastate","Status@OData.Community.Display.V1.FormattedValue":"Draft","Status":1},{"CI_count@OData.Community.Display.V1.AttributeName":"cif_ciid","CI_count@OData.Community.Display.V1.FormattedValue":"4","CI_count":4,"BU@OData.Community.Display.V1.AttributeName":"owningbusinessunit","BU@OData.Community.Display.V1.FormattedValue":"Team 4","BU@Microsoft.Dynamics.CRM.lookuplogicalname":"businessunit","BU":"9a55253b-7988-eb11-a812-0022481d2798","Status@OData.Community.Display.V1.AttributeName":"cif_ideastate","Status@OData.Community.Display.V1.FormattedValue":"Submitted","Status":2},{"CI_count@OData.Community.Display.V1.AttributeName":"cif_ciid","CI_count@OData.Community.Display.V1.FormattedValue":"4","CI_count":4,"BU@OData.Community.Display.V1.AttributeName":"owningbusinessunit","BU@OData.Community.Display.V1.FormattedValue":"Team 4","BU@Microsoft.Dynamics.CRM.lookuplogicalname":"businessunit","BU":"9a55253b-7988-eb11-a812-0022481d2798","Status@OData.Community.Display.V1.AttributeName":"cif_ideastate","Status@OData.Community.Display.V1.FormattedValue":"Approved","Status":4},{"CI_count@OData.Community.Display.V1.AttributeName":"cif_ciid","CI_count@OData.Community.Display.V1.FormattedValue":"7","CI_count":7,"BU@OData.Community.Display.V1.AttributeName":"owningbusinessunit","BU@OData.Community.Display.V1.FormattedValue":"Team 5","BU@Microsoft.Dynamics.CRM.lookuplogicalname":"businessunit","BU":"48991d47-7988-eb11-a812-0022481d2798","Status@OData.Community.Display.V1.AttributeName":"cif_ideastate","Status@OData.Community.Display.V1.FormattedValue":"Draft","Status":1},{"CI_count@OData.Community.Display.V1.AttributeName":"cif_ciid","CI_count@OData.Community.Display.V1.FormattedValue":"1","CI_count":1,"BU@OData.Community.Display.V1.AttributeName":"owningbusinessunit","BU@OData.Community.Display.V1.FormattedValue":"Team 5","BU@Microsoft.Dynamics.CRM.lookuplogicalname":"businessunit","BU":"48991d47-7988-eb11-a812-0022481d2798","Status@OData.Community.Display.V1.AttributeName":"cif_ideastate","Status@OData.Community.Display.V1.FormattedValue":"Waiting For Approval","Status":3},{"CI_count@OData.Community.Display.V1.AttributeName":"cif_ciid","CI_count@OData.Community.Display.V1.FormattedValue":"3","CI_count":3,"BU@OData.Community.Display.V1.AttributeName":"owningbusinessunit","BU@OData.Community.Display.V1.FormattedValue":"Team 5","BU@Microsoft.Dynamics.CRM.lookuplogicalname":"businessunit","BU":"48991d47-7988-eb11-a812-0022481d2798","Status@OData.Community.Display.V1.AttributeName":"cif_ideastate","Status@OData.Community.Display.V1.FormattedValue":"Approved","Status":4},{"CI_count@OData.Community.Display.V1.AttributeName":"cif_ciid","CI_count@OData.Community.Display.V1.FormattedValue":"2","CI_count":2,"BU@OData.Community.Display.V1.AttributeName":"owningbusinessunit","BU@OData.Community.Display.V1.FormattedValue":"Team 5","BU@Microsoft.Dynamics.CRM.lookuplogicalname":"businessunit","BU":"48991d47-7988-eb11-a812-0022481d2798","Status@OData.Community.Display.V1.AttributeName":"cif_ideastate","Status@OData.Community.Display.V1.FormattedValue":"Rejected","Status":5},{"CI_count@OData.Community.Display.V1.AttributeName":"cif_ciid","CI_count@OData.Community.Display.V1.FormattedValue":"2","CI_count":2,"BU@OData.Community.Display.V1.AttributeName":"owningbusinessunit","BU@OData.Community.Display.V1.FormattedValue":"Team 5","BU@Microsoft.Dynamics.CRM.lookuplogicalname":"businessunit","BU":"48991d47-7988-eb11-a812-0022481d2798","Status@OData.Community.Display.V1.AttributeName":"cif_ideastate","Status@OData.Community.Display.V1.FormattedValue":"On Hold","Status":6},{"CI_count@OData.Community.Display.V1.AttributeName":"cif_ciid","CI_count@OData.Community.Display.V1.FormattedValue":"3","CI_count":3,"BU@OData.Community.Display.V1.AttributeName":"owningbusinessunit","BU@OData.Community.Display.V1.FormattedValue":"Team 5","BU@Microsoft.Dynamics.CRM.lookuplogicalname":"businessunit","BU":"48991d47-7988-eb11-a812-0022481d2798","Status@OData.Community.Display.V1.AttributeName":"cif_ideastate","Status@OData.Community.Display.V1.FormattedValue":"Develop","Status":7},{"CI_count@OData.Community.Display.V1.AttributeName":"cif_ciid","CI_count@OData.Community.Display.V1.FormattedValue":"4","CI_count":4,"BU@OData.Community.Display.V1.AttributeName":"owningbusinessunit","BU@OData.Community.Display.V1.FormattedValue":"Team 5","BU@Microsoft.Dynamics.CRM.lookuplogicalname":"businessunit","BU":"48991d47-7988-eb11-a812-0022481d2798","Status@OData.Community.Display.V1.AttributeName":"cif_ideastate","Status@OData.Community.Display.V1.FormattedValue":"Completed","Status":9},{"CI_count@OData.Community.Display.V1.AttributeName":"cif_ciid","CI_count@OData.Community.Display.V1.FormattedValue":"9","CI_count":9,"BU@OData.Community.Display.V1.AttributeName":"owningbusinessunit","BU@OData.Community.Display.V1.FormattedValue":"Team 6","BU@Microsoft.Dynamics.CRM.lookuplogicalname":"businessunit","BU":"7a055355-7988-eb11-a812-0022481d2798","Status@OData.Community.Display.V1.AttributeName":"cif_ideastate","Status@OData.Community.Display.V1.FormattedValue":"Approved","Status":4},{"CI_count@OData.Community.Display.V1.AttributeName":"cif_ciid","CI_count@OData.Community.Display.V1.FormattedValue":"3","CI_count":3,"BU@OData.Community.Display.V1.AttributeName":"owningbusinessunit","BU@OData.Community.Display.V1.FormattedValue":"Team 7","BU@Microsoft.Dynamics.CRM.lookuplogicalname":"businessunit","BU":"8f25e55d-7988-eb11-a812-0022481d2798","Status@OData.Community.Display.V1.AttributeName":"cif_ideastate","Status@OData.Community.Display.V1.FormattedValue":"Waiting For Approval","Status":3}]}},"SelectBU":{"runAfter":{"Compose":["Succeeded"]},"metadata":{"operationMetadataId":"12f2a01e-1f39-4080-92e8-84ea06ea09b6"},"type":"Select","inputs":{"from":"@outputs('Compose')?['Value']","select":"@item()?['BU']"}},"ComposeDistinctBU":{"runAfter":{"SelectBU":["Succeeded"]},"metadata":{"operationMetadataId":"0a581e50-e5aa-4458-bdd6-1273c7060682"},"type":"Compose","inputs":"@union(body('SelectBU'),body('SelectBU'))"},"Apply_to_each":{"foreach":"@outputs('ComposeDistinctBU')","actions":{"Filter_array":{"runAfter":{},"metadata":{"operationMetadataId":"5173c2cb-2d14-4bd2-8789-e27696ef5e0a"},"type":"Query","inputs":{"from":"@outputs('Compose')?['Value']","where":"@equals(item()?['BU'], items('Apply_to_each'))"}},"Select":{"runAfter":{"Filter_array":["Succeeded"]},"metadata":{"operationMetadataId":"8f184faa-10cb-4822-a663-d966afb6a33a"},"type":"Select","inputs":{"from":"@body('Filter_array')","select":{"@{item()?['Status@OData.Community.Display.V1.FormattedValue']}":"@item()?['CI_count']"}}},"ComposeFlatten":{"runAfter":{"Select":["Succeeded"]},"metadata":{"operationMetadataId":"7899e26e-dd94-4ac7-82a3-4cf548e40bcf"},"type":"Compose","inputs":"@json(replace(join(body('Select'),','),'},{',','))"},"ComposeHTML":{"runAfter":{"ComposeXML":["Succeeded"]},"metadata":{"operationMetadataId":"87ec58d3-f40c-47ee-ac30-2d66d55f5340"},"type":"Compose","inputs":"  <tr>\n    <td>@{items('Apply_to_each')}</td>\n    <td>@{outputs('ComposeFlatten')?['Draft']}</td>\n    <td>@{outputs('ComposeFlatten')?['Submitted']}</td>\n    <td>@{outputs('ComposeFlatten')?['Waiting For Approval']}</td>\n    <td>@{outputs('ComposeFlatten')?['Approved']}</td>\n    <td>@{outputs('ComposeFlatten')?['Develop']}</td>\n    <td>@{outputs('ComposeFlatten')?['On Hold']}</td>\n    <td>@{outputs('ComposeFlatten')?['Rejected']}</td>\n    <td>@{outputs('ComposeFlatten')?['Completed']}</td>\n    <td>@{xpath(xml(outputs('ComposeXML')),'sum(/root/Numbers)')}</td>\n  </tr>"},"ComposeXML":{"runAfter":{"SelectNumbers":["Succeeded"]},"metadata":{"operationMetadataId":"4afce448-8a6a-4def-a7ab-b10f5b56588f"},"type":"Compose","inputs":{"root":{"Numbers":"@body('SelectNumbers')"}}},"SelectNumbers":{"runAfter":{"ComposeFlatten":["Succeeded"]},"metadata":{"operationMetadataId":"b05aaa6e-f99d-4c4f-8878-d20a33b3df62"},"type":"Select","inputs":{"from":"@body('Filter_array')","select":"@item()?['CI_count']"}}},"runAfter":{"ComposeDistinctBU":["Succeeded"]},"metadata":{"operationMetadataId":"832a3d4f-0c75-478f-b070-54c2507b9152"},"type":"Foreach"},"ComposeHTMLTable":{"runAfter":{"Apply_to_each":["Succeeded"]},"metadata":{"operationMetadataId":"9bfed795-aabc-48b2-8e9d-6f220c5f8d2f"},"type":"Compose","inputs":"<table>\n  <tr>\n    <th>Team</th>\n    <th>Draft</th>\n    <th>Submitted</th>\n    <th>Waiting for Approval</th>\n    <th>Approved</th>\n    <th>Develop</th>\n    <th>On Hold</th>\n    <th>Rejected</th>\n    <th>Completed</th>\n    <th>Total</th>\n  </tr>\n@{join(outputs('ComposeHTML'),' ')}\n</table>"}}},"connectionReferences":{},"flowFailureAlertSubscribed":false,"isManaged":false}}