{"name":"1c70fa43-9c39-426b-a3e2-11dacaca17b4","id":"/providers/Microsoft.Flow/flows/1c70fa43-9c39-426b-a3e2-11dacaca17b4","type":"Microsoft.Flow/flows","properties":{"apiId":"/providers/Microsoft.PowerApps/apis/shared_logicflows","displayName":"Create Complex Draft Email in HTML","definition":{"metadata":{"workflowEntityId":null,"processAdvisorMetadata":null,"flowclientsuspensionreason":"None","flowclientsuspensiontime":null,"creator":{"id":"6c646262-4f6f-4bfb-88c7-86b3d1252cac","type":"User","tenantId":"16c901d1-9763-49b1-961c-6cd701f5d0f7"},"provisioningMethod":"FromDefinition","failureAlertSubscription":true,"clientLastModifiedTime":"2022-02-21T19:54:55.5397881Z"},"$schema":"https://schema.management.azure.com/providers/Microsoft.Logic/schemas/2016-06-01/workflowdefinition.json#","contentVersion":"1.0.0.0","parameters":{"$connections":{"defaultValue":{},"type":"Object"},"$authentication":{"defaultValue":{},"type":"SecureObject"}},"triggers":{"manual":{"metadata":{"operationMetadataId":"192712a7-7a28-4ec1-aab3-7b481cb33f3b"},"type":"Request","kind":"Button","inputs":{"schema":{"type":"object","properties":{},"required":[]}}}},"actions":{"Send_an_HTTP_request":{"runAfter":{"Compose_Email_Body":["Succeeded"]},"metadata":{"operationMetadataId":"8456ea60-a4ef-4b1e-9f48-6f9cddc439df"},"type":"OpenApiConnection","inputs":{"host":{"apiId":"/providers/Microsoft.PowerApps/apis/shared_office365groups","connectionName":"shared_office365groups","operationId":"HttpRequest"},"parameters":{"Uri":"https://graph.microsoft.com/v1.0/me/messages","Method":"POST","Body":"{\n    \"subject\": \"Test\",\n    \"importance\": \"low\",\n    \"body\": {\n        \"contentType\": \"HTML\",\n        \"content\": \"@{outputs('Compose_Email_Body')}\"\n    },\n    \"toRecipients\": [\n        {\n            \"emailAddress\": {\n                \"address\": \"damien@yourtenant.onmicrosoft.com\"\n            }\n        }\n    ]\n}","ContentType":"application/json"},"authentication":{"value":"@json(decodeBase64(triggerOutputs().headers['X-MS-APIM-Tokens']))['$ConnectionKey']","type":"Raw"}}},"Compose_Email_Body":{"runAfter":{"Compose_Signature_Block":["Succeeded"]},"metadata":{"operationMetadataId":"60b495bd-20d4-4cb8-b8e0-27972bd6f380"},"type":"Compose","inputs":"Dear @{outputs('Compose_Name')}<br>\n<br>\nWe have received your application for review. We received the application on @{outputs('Compose_Date')}.<br>\n<br>\nYou can find general information about the review process on our website: @{outputs('Compose_Weblink')}.<br>\n<br>\nIf you have any questions, feel free to email us at @{outputs('Compose_EmailMailto')}.<br>\n<br>\nYours sincerely<br>\n<br>\nReview Team<br>\n<br>\n@{outputs('Compose_Signature_Block')}<br>"},"Compose_Name":{"runAfter":{},"metadata":{"operationMetadataId":"513af4e2-641d-4fc2-8cfe-5c6e03cd1e75"},"type":"Compose","inputs":"Mr John Smith"},"Compose_Date":{"runAfter":{"Compose_Name":["Succeeded"]},"metadata":{"operationMetadataId":"12bfbc83-d57c-4aaa-a570-f38fda38a779"},"type":"Compose","inputs":"@formatDateTime(utcNow(),'dd MM yyyy')","description":"formatDateTime(utcNow(),'dd MM yyyy')"},"Compose_Weblink":{"runAfter":{"Compose_Date":["Succeeded"]},"metadata":{"operationMetadataId":"219eee1b-c119-4a64-9f2d-ebd0f8e11b5c"},"type":"Compose","inputs":"<a href='http://www.damobird365.com'>DamoBird365</a>"},"Compose_EmailMailto":{"runAfter":{"Compose_Weblink":["Succeeded"]},"metadata":{"operationMetadataId":"a90e61d1-ea85-4d89-ae3f-44dbba885aaa"},"type":"Compose","inputs":"<a href='mailto:damien@damobird365.com'>Damien@DamoBird365.com</a>"},"Compose_Signature_Block":{"runAfter":{"Compose_EmailMailto":["Succeeded"]},"metadata":{"operationMetadataId":"e651b94a-158c-4411-89c7-2df3187e36dd"},"type":"Compose","inputs":"Thank you for your email<br>\n<br>\nDamien Bird<br>\n<A href='https://mvp.microsoft.com/en-us/PublicProfile/5004666'>Microsoft MVP in Business Application</a><br>\n<br>\n<A href='http://www.youtube.com/c/DamoBird365'>YouTube</a><br>\n<A href='http://www.linkedin.com/in/DamoBird365'>LinkedIn</a><br>"}}},"connectionReferences":{"shared_office365groups":{"connectionName":"shared-office365grou-c40ede77-fcbc-417d-8e8c-464d-43493891","source":"Invoker","id":"/providers/Microsoft.PowerApps/apis/shared_office365groups","tier":"NotSpecified"}},"flowFailureAlertSubscribed":false}}