{"name":"17e77dca-71bb-4468-ae3c-4dd14cd387cb","id":"/providers/Microsoft.Flow/flows/17e77dca-71bb-4468-ae3c-4dd14cd387cb","type":"Microsoft.Flow/flows","properties":{"apiId":"/providers/Microsoft.PowerApps/apis/shared_logicflows","displayName":"MSDevDemo Solution ExcelScript Populate File from ExternalSource","definition":{"metadata":{"workflowEntityId":null,"processAdvisorMetadata":null,"flowclientsuspensionreason":"None","flowclientsuspensiontime":null,"creator":{"id":"6c646262-4f6f-4bfb-88c7-86b3d1252cac","type":"User","tenantId":"16c901d1-9763-49b1-961c-6cd701f5d0f7"},"provisioningMethod":"FromDefinition","failureAlertSubscription":true,"clientLastModifiedTime":"2021-05-02T08:37:55.9102466Z"},"$schema":"https://schema.management.azure.com/providers/Microsoft.Logic/schemas/2016-06-01/workflowdefinition.json#","contentVersion":"1.0.0.0","parameters":{"$connections":{"defaultValue":{},"type":"Object"},"$authentication":{"defaultValue":{},"type":"SecureObject"}},"triggers":{"manual":{"type":"Request","kind":"Button","inputs":{"schema":{"type":"object","properties":{},"required":[]}}}},"actions":{"Get_Template_Invoice":{"runAfter":{},"metadata":{"%252fShared%2bDocuments%252fTemplateInvoice.xlsx":"/Shared Documents/TemplateInvoice.xlsx"},"type":"OpenApiConnection","inputs":{"host":{"apiId":"/providers/Microsoft.PowerApps/apis/shared_sharepointonline","connectionName":"shared_sharepointonline_1","operationId":"GetFileContent"},"parameters":{"dataset":"https://abdndamodev.sharepoint.com/sites/ExcelScriptDemo","id":"%252fShared%2bDocuments%252fTemplateInvoice.xlsx","inferContentType":true},"authentication":{"value":"@json(decodeBase64(triggerOutputs().headers['X-MS-APIM-Tokens']))['$ConnectionKey']","type":"Raw"}}},"Apply_to_each_Customer":{"foreach":"@outputs('Get_items_CustomerAccounts')?['body/value']","actions":{"Create_file_Invoice_For_Each_Company":{"runAfter":{},"type":"OpenApiConnection","inputs":{"host":{"apiId":"/providers/Microsoft.PowerApps/apis/shared_sharepointonline","connectionName":"shared_sharepointonline_1","operationId":"CreateFile"},"parameters":{"dataset":"https://abdndamodev.sharepoint.com/sites/ExcelScriptDemo","folderPath":"/Shared Documents/Invoices","name":"@{items('Apply_to_each_Customer')?['CompName']}-@{formatDateTime(utcnow(), 'MMMMyy')}.xlsx","body":"@outputs('Get_Template_Invoice')?['body']"},"authentication":{"value":"@json(decodeBase64(triggerOutputs().headers['X-MS-APIM-Tokens']))['$ConnectionKey']","type":"Raw"}},"runtimeConfiguration":{"contentTransfer":{"transferMode":"Chunked"}}},"Filter_array_For_Each_Work_Item_Complete_on_Customer_Ref":{"runAfter":{"Create_file_Invoice_For_Each_Company":["Succeeded"]},"type":"Query","inputs":{"from":"@outputs('Get_Items_Work_Complete')?['body/value']","where":"@equals(item()?['CustomerRef'], items('Apply_to_each_Customer')?['CustomerRef'])"}},"Select_Sales_Array":{"runAfter":{"NoOfLines":["Succeeded"]},"type":"Select","inputs":{"from":"@body('Filter_array_For_Each_Work_Item_Complete_on_Customer_Ref')","select":{"quantity":"@item()?['Qty']","itemNumber":"@item()?['ItemNo']","description":"@item()?['Description']","unitPrice":"@item()?['UnitPrice']","discount":"@item()?['Discount']"}}},"Run_script":{"runAfter":{"Select_Sales_Array":["Succeeded"]},"metadata":{"01SRF3RDWD56GPPAGSUNC2OTJ3XFC5CCFW":"/2021-03-24-06-42-45-Company.xlsx","tableId":null,"01SRF3RDUAG4U6UKV6JZHI5F4JHG5Z76SU":"/MyScripts.xlsx"},"type":"OpenApiConnection","inputs":{"host":{"apiId":"/providers/Microsoft.PowerApps/apis/shared_excelonlinebusiness","connectionName":"shared_excelonlinebusiness","operationId":"RunScriptProd"},"parameters":{"source":"groups/4a08b9d9-db58-47c5-8439-1cbbb20c9c55","drive":"b!yeptAEB5aE-g99u38rUQMrmuPcURxZJNnftmGQqoB2sF9i10CwEES5VDpONKcrak","file":"@outputs('Create_file_Invoice_For_Each_Company')?['body/Id']","scriptId":"ms-officescript%3A%2F%2Fonedrive_business_itemlink%2F01SRF3RDWJTLFMT2KP5FGZH64UE76OICSX","ScriptParameters/invoiceNumber":"@{items('Apply_to_each_Customer')?['CustomerRef']}-@{formatDateTime(utcNow(),'ddMMyy')}","ScriptParameters/date":"@formatDateTime(utcnow(),'dd-MM-yyyy')","ScriptParameters/paymentMethod":"Direct Debit Only","ScriptParameters/chequeNo":"N/A","ScriptParameters/jobNo":"123","ScriptParameters/vatRate":0.2,"ScriptParameters/sales":"@body('Select_Sales_Array')","ScriptParameters/customer/name":"@items('Apply_to_each_Customer')?['Name']","ScriptParameters/customer/companyName":"@items('Apply_to_each_Customer')?['CompName']","ScriptParameters/customer/street":"@items('Apply_to_each_Customer')?['Street']","ScriptParameters/customer/city":"@items('Apply_to_each_Customer')?['City']","ScriptParameters/customer/phone":"@items('Apply_to_each_Customer')?['Phone']"},"authentication":{"value":"@json(decodeBase64(triggerOutputs().headers['X-MS-APIM-Tokens']))['$ConnectionKey']","type":"Raw"}}},"NoOfLines":{"runAfter":{"Filter_array_For_Each_Work_Item_Complete_on_Customer_Ref":["Succeeded"]},"type":"Compose","inputs":"@length(body('Filter_array_For_Each_Work_Item_Complete_on_Customer_Ref'))"}},"runAfter":{"Get_Items_Work_Complete":["Succeeded"]},"type":"Foreach"},"Get_items_CustomerAccounts":{"runAfter":{"Get_Template_Invoice":["Succeeded"]},"type":"OpenApiConnection","inputs":{"host":{"apiId":"/providers/Microsoft.PowerApps/apis/shared_sharepointonline","connectionName":"shared_sharepointonline_1","operationId":"GetItems"},"parameters":{"dataset":"https://abdndamodev.sharepoint.com/sites/ExcelScriptDemo","table":"af3b5b76-bdc3-4f9e-97df-57899abc56e1","$top":10},"authentication":{"value":"@json(decodeBase64(triggerOutputs().headers['X-MS-APIM-Tokens']))['$ConnectionKey']","type":"Raw"}}},"Get_Items_Work_Complete":{"runAfter":{"Get_items_CustomerAccounts":["Succeeded"]},"type":"OpenApiConnection","inputs":{"host":{"apiId":"/providers/Microsoft.PowerApps/apis/shared_sharepointonline","connectionName":"shared_sharepointonline_1","operationId":"GetItems"},"parameters":{"dataset":"https://abdndamodev.sharepoint.com/sites/ExcelScriptDemo","table":"75ae4f0b-c765-4e0f-92e5-dbe5a3118a9c","$top":100},"authentication":{"value":"@json(decodeBase64(triggerOutputs().headers['X-MS-APIM-Tokens']))['$ConnectionKey']","type":"Raw"}}}}},"connectionReferences":{"shared_excelonlinebusiness":{"connectionName":"shared-excelonlinebu-47960226-b338-4d03-bbc1-dcfb-43cc2fda","source":"Invoker","id":"/providers/Microsoft.PowerApps/apis/shared_excelonlinebusiness","tier":"NotSpecified"},"shared_sharepointonline_1":{"connectionName":"shared-sharepointonl-69698088-5a9b-45c7-9260-eb06-f3fbc03b","source":"Invoker","id":"/providers/Microsoft.PowerApps/apis/shared_sharepointonline","tier":"NotSpecified"}},"flowFailureAlertSubscribed":false}}