{"name":"0b48f6e5-f64a-42cd-ba2d-5694c6a6c23b","id":"/providers/Microsoft.Flow/flows/0b48f6e5-f64a-42cd-ba2d-5694c6a6c23b","type":"Microsoft.Flow/flows","properties":{"apiId":"/providers/Microsoft.PowerApps/apis/shared_logicflows","displayName":"Solution Trigger on New Channel Created","definition":{"metadata":{"workflowEntityId":null,"processAdvisorMetadata":null,"flowclientsuspensionreason":"None","flowclientsuspensiontime":null,"creator":{"id":"6c646262-4f6f-4bfb-88c7-86b3d1252cac","type":"User","tenantId":"16c901d1-9763-49b1-961c-6cd701f5d0f7"},"provisioningMethod":"FromDefinition","failureAlertSubscription":true,"clientLastModifiedTime":"2021-12-04T17:27:08.1834628Z"},"$schema":"https://schema.management.azure.com/providers/Microsoft.Logic/schemas/2016-06-01/workflowdefinition.json#","contentVersion":"1.0.0.0","parameters":{"$connections":{"defaultValue":{},"type":"Object"},"$authentication":{"defaultValue":{},"type":"SecureObject"}},"triggers":{"When_an_item_is_created":{"recurrence":{"frequency":"Minute","interval":1},"splitOn":"@triggerOutputs()?['body/value']","metadata":{"operationMetadataId":"8de12c68-a484-424f-9627-68182b75e845"},"type":"OpenApiConnection","inputs":{"host":{"apiId":"/providers/Microsoft.PowerApps/apis/shared_sharepointonline","connectionName":"shared_sharepointonline","operationId":"GetOnNewItems"},"parameters":{"dataset":"https://abdndamodev.sharepoint.com/sites/-DamoBird365-","table":"Documents"},"authentication":"@parameters('$authentication')"},"conditions":[{"expression":"@and(equals(triggerOutputs()?['body/{IsFolder}'],true),equals(triggerOutputs()?['body/{Path}'],'Shared Documents/'))"}]}},"actions":{"List_channels":{"runAfter":{},"metadata":{"operationMetadataId":"ad51951e-8784-4269-bf8e-8b9195e628ad"},"type":"OpenApiConnection","inputs":{"host":{"apiId":"/providers/Microsoft.PowerApps/apis/shared_teams","connectionName":"shared_teams","operationId":"GetChannelsForGroup"},"parameters":{"groupId":"80aec4ec-2ec8-4b18-a72f-627acd8731bd"},"authentication":"@parameters('$authentication')"}},"Filter_array":{"runAfter":{"List_channels":["Succeeded"]},"metadata":{"operationMetadataId":"b47c41d1-7353-40aa-969a-b08d2c806085"},"type":"Query","inputs":{"from":"@outputs('List_channels')?['body/value']","where":"@equals(item()?['displayName'], triggerOutputs()?['body/{Name}'])"}},"Condition":{"actions":{"Apply_to_each":{"foreach":"@outputs('ArrayOfFolderPaths')","actions":{"Create_new_folder":{"runAfter":{},"metadata":{"operationMetadataId":"47f2da05-8e18-410a-9d31-1dcbc884c174"},"type":"OpenApiConnection","inputs":{"host":{"apiId":"/providers/Microsoft.PowerApps/apis/shared_sharepointonline","connectionName":"shared_sharepointonline","operationId":"CreateNewFolder"},"parameters":{"dataset":"https://abdndamodev.sharepoint.com/sites/-DamoBird365-","table":"5709f2b1-810f-445c-ab25-d854e0fc3768","parameters/path":"@{triggerOutputs()?['body/{Name}']}/@{item()}"},"authentication":"@parameters('$authentication')"}}},"runAfter":{"ArrayOfFolderPaths":["Succeeded"]},"metadata":{"operationMetadataId":"23ff85dc-e937-49dd-8346-e05165741ad6"},"type":"Foreach","runtimeConfiguration":{"concurrency":{"repetitions":50}}},"Post_message_in_a_chat_or_channel":{"runAfter":{},"metadata":{"operationMetadataId":"828f7255-5422-4626-8749-135f67ea8088"},"type":"OpenApiConnection","inputs":{"host":{"apiId":"/providers/Microsoft.PowerApps/apis/shared_teams","connectionName":"shared_teams","operationId":"PostMessageToConversation"},"parameters":{"poster":"Flow bot","location":"Channel","body/recipient/groupId":"80aec4ec-2ec8-4b18-a72f-627acd8731bd","body/recipient/channelId":"@first(body('filter_array'))?['id']","body/messageBody":"<p>Welcome to your new Channel</p>"},"authentication":"@parameters('$authentication')"}},"Send_an_HTTP_request":{"runAfter":{"Apply_to_each":["Succeeded"]},"metadata":{"operationMetadataId":"846fe706-af4b-4b1d-bd22-0d3fc54327db"},"type":"OpenApiConnection","inputs":{"host":{"apiId":"/providers/Microsoft.PowerApps/apis/shared_office365groups","connectionName":"shared_office365groups","operationId":"HttpRequest"},"parameters":{"Uri":"https://graph.microsoft.com/v1.0/teams/@{actions('List_Channels')?['inputs/parameters/groupid']}/channels/@{first(body('filter_array'))?['id']}/messages","Method":"POST","Body":"{\n  \"body\": {\n    \"contentType\": \"html\",\n    \"content\": \"Hey Team, we have a new channel! <at id=\\\"0\\\">@{triggerOutputs()?['body/{Name}']}</at>\"\n  },\n  \"mentions\": [\n    {\n      \"id\": 0,\n      \"mentionText\": \"@{triggerOutputs()?['body/{Name}']}\",\n      \"mentioned\": {\n        \"conversation\": {\n          \"id\": \"@{first(body('filter_array'))?['id']}\",\n          \"displayName\": \"@{triggerOutputs()?['body/{Name}']}\",\n          \"@odata.type\": \"microsoft.graph.teamworkConversationIdentity\",\n          \"conversationIdentityType\": \"channel\"\n        }\n      }\n    }\n  ]\n}","ContentType":"application/json"},"authentication":"@parameters('$authentication')"}},"ArrayOfFolderPaths":{"runAfter":{"Post_message_in_a_chat_or_channel":["Succeeded"]},"metadata":{"operationMetadataId":"180a4bce-a7f6-4add-acb3-06572aa420e0"},"type":"Compose","inputs":["Projects/Q1","Projects/Q2","Projects/Q3","Projects/Q4","Emails","Work In Progress","Drafts","Archive"]}},"runAfter":{"Filter_array":["Succeeded"]},"else":{"actions":{"Terminate":{"runAfter":{},"metadata":{"operationMetadataId":"0d451b46-71b2-466e-ad45-899c97d20263"},"type":"Terminate","inputs":{"runStatus":"Succeeded"},"description":"This is not a new channel"}}},"expression":{"greater":["@length(body('Filter_array'))",0]},"metadata":{"operationMetadataId":"d971c26c-dafe-41b4-a29f-f8c75832fc33"},"type":"If"}}},"connectionReferences":{"shared_teams":{"connectionName":"shared-teams-c32e6b36-e3dd-4ca6-806d-5969ba7e6dee","source":"Embedded","id":"/providers/Microsoft.PowerApps/apis/shared_teams","tier":"NotSpecified"},"shared_sharepointonline":{"connectionName":"64fe180a9817427a81aa7d96a25630de","source":"Embedded","id":"/providers/Microsoft.PowerApps/apis/shared_sharepointonline","tier":"NotSpecified"},"shared_office365groups":{"connectionName":"shared-office365grou-c40ede77-fcbc-417d-8e8c-464d-43493891","source":"Embedded","id":"/providers/Microsoft.PowerApps/apis/shared_office365groups","tier":"NotSpecified"}},"flowFailureAlertSubscribed":false}}