{"name":"aa622a83-c54a-4068-9ac3-016e78db9915","id":"/providers/Microsoft.Flow/flows/aa622a83-c54a-4068-9ac3-016e78db9915","type":"Microsoft.Flow/flows","properties":{"apiId":"/providers/Microsoft.PowerApps/apis/shared_logicflows","displayName":"Solution - Increment File Name","definition":{"metadata":{"workflowEntityId":null,"processAdvisorMetadata":null,"flowclientsuspensionreason":"None","flowclientsuspensiontime":null,"creator":{"id":"6c646262-4f6f-4bfb-88c7-86b3d1252cac","type":"User","tenantId":"16c901d1-9763-49b1-961c-6cd701f5d0f7"},"provisioningMethod":"FromDefinition","failureAlertSubscription":true,"clientLastModifiedTime":"2021-09-12T20:52:01.5487744Z"},"$schema":"https://schema.management.azure.com/providers/Microsoft.Logic/schemas/2016-06-01/workflowdefinition.json#","contentVersion":"1.0.0.0","parameters":{"$connections":{"defaultValue":{},"type":"Object"},"$authentication":{"defaultValue":{},"type":"SecureObject"}},"triggers":{"manual":{"type":"Request","kind":"Button","inputs":{"schema":{"type":"object","properties":{},"required":[]}}}},"actions":{"Get_files_(properties_only)":{"runAfter":{},"type":"OpenApiConnection","inputs":{"host":{"apiId":"/providers/Microsoft.PowerApps/apis/shared_sharepointonline","connectionName":"shared_sharepointonline","operationId":"GetFileItems"},"parameters":{"dataset":"https://abdndamodev.sharepoint.com/sites/DamoBird365","table":"0bc136d5-d1e9-441e-8730-66b4086b447c","folderPath":"/MyTestDocLib/Increment","$orderby":"FileRef desc","$top":1},"authentication":{"value":"@json(decodeBase64(triggerOutputs().headers['X-MS-APIM-Tokens']))['$ConnectionKey']","type":"Raw"}}},"Create_file":{"runAfter":{"Get_files_(properties_only)":["Succeeded"]},"type":"OpenApiConnection","inputs":{"host":{"apiId":"/providers/Microsoft.PowerApps/apis/shared_sharepointonline","connectionName":"shared_sharepointonline","operationId":"CreateFile"},"parameters":{"dataset":"https://abdndamodev.sharepoint.com/sites/DamoBird365","folderPath":"/MyTestDocLib/Increment","name":"ABC-@{concat(substring('000',0,sub(3,length(string(int(split(first(outputs('Get_files_(properties_only)')?['body/value'])?['{Name}'],'-')?[1]))))),add(int(split(first(outputs('Get_files_(properties_only)')?['body/value'])?['{Name}'],'-')?[1]),1))}-Aname.txt","body":"123"},"authentication":{"value":"@json(decodeBase64(triggerOutputs().headers['X-MS-APIM-Tokens']))['$ConnectionKey']","type":"Raw"}},"runtimeConfiguration":{"contentTransfer":{"transferMode":"Chunked"}}}}},"connectionReferences":{"shared_sharepointonline":{"connectionName":"64fe180a9817427a81aa7d96a25630de","source":"Invoker","id":"/providers/Microsoft.PowerApps/apis/shared_sharepointonline","tier":"NotSpecified"}},"flowFailureAlertSubscribed":false}}