{"swagger":"2.0","info":{"title":"Octopus Energy","description":"An Octopus Energy Custom Connector built by DamoBird365","version":"1.0"},"host":"octopus.energy","basePath":"/api/v1/","schemes":["https"],"consumes":[],"produces":[],"paths":{"/tracker/{tariff_code}-{regional_code}/{interval}/{direction}/{number}/{consumption}/":{"get":{"responses":{"default":{"description":"default","schema":{"type":"object","properties":{"periods":{"type":"array","items":{"type":"object","properties":{"date":{"type":"string","description":"date"},"market_index":{"type":"number","description":"market_index"},"cost":{"type":"number","description":"cost"},"standing_charge":{"type":"number","description":"standing_charge"},"unit_rate":{"type":"number","description":"unit_rate"},"usage":{"type":"number","description":"usage"},"unit_charge":{"type":"number","description":"unit_charge"},"breakdown":{"type":"object","properties":{"unit_charge":{"type":"object","properties":{"Wholesale cost":{"type":"number","description":"Wholesale cost"},"Line loss & shaping":{"type":"number","description":"Line loss & shaping"},"Social & environmental obligations":{"type":"number","description":"Social & environmental obligations"},"Local distribution":{"type":"number","description":"Local distribution"},"National transmission":{"type":"number","description":"National transmission"},"100% green":{"type":"number","description":"100% green"},"Admin, financing & margin":{"type":"number","description":"Admin, financing & margin"},"VAT":{"type":"number","description":"VAT"}},"description":"unit_charge"},"standing_charge":{"type":"object","properties":{"Metering":{"type":"number","description":"Metering"},"Local distribution":{"type":"number","description":"Local distribution"},"Smart meter obligation":{"type":"number","description":"Smart meter obligation"},"Admin, customer service & margin":{"type":"number","description":"Admin, customer service & margin"},"VAT":{"type":"number","description":"VAT"}},"description":"standing_charge"}},"description":"breakdown"}}},"description":"periods"},"summary":{"type":"object","properties":{"total_cost":{"type":"number","description":"total_cost"},"period_cost":{"type":"array","items":{"type":"number"},"description":"period_cost"},"colours":{"type":"object","properties":{"unit_charge":{"type":"object","properties":{"Wholesale cost":{"type":"string","description":"Wholesale cost"},"Line loss & shaping":{"type":"string","description":"Line loss & shaping"},"Social & environmental obligations":{"type":"string","description":"Social & environmental obligations"},"Local distribution":{"type":"string","description":"Local distribution"},"National transmission":{"type":"string","description":"National transmission"},"100% green":{"type":"string","description":"100% green"},"Admin, financing & margin":{"type":"string","description":"Admin, financing & margin"},"VAT":{"type":"string","description":"VAT"}},"description":"unit_charge"},"standing_charge":{"type":"object","properties":{"Metering":{"type":"string","description":"Metering"},"Local distribution":{"type":"string","description":"Local distribution"},"Smart meter obligation":{"type":"string","description":"Smart meter obligation"},"Admin, customer service & margin":{"type":"string","description":"Admin, customer service & margin"},"VAT":{"type":"string","description":"VAT"}},"description":"standing_charge"}},"description":"colours"},"lowest_usage":{"type":"number","description":"lowest_usage"},"highest_usage":{"type":"number","description":"highest_usage"},"average_usage":{"type":"number","description":"average_usage"}},"description":"summary"}}}}},"summary":"Get Tracker Prices","operationId":"GetTrackerPrices","x-ms-visibility":"important","parameters":[{"name":"tariff_code","in":"path","required":true,"type":"string"},{"name":"regional_code","in":"path","required":true,"type":"string"},{"name":"interval","in":"path","required":true,"type":"string","default":"daily","enum":["daily","monthly"],"description":"","x-ms-visibility":"advanced"},{"name":"direction","in":"path","required":true,"type":"string","default":"current","enum":["past","current","future"],"x-ms-visibility":"advanced"},{"name":"number","in":"path","required":true,"type":"number","default":1,"description":"Days/months to look forward or back.","x-ms-visibility":"advanced"},{"name":"consumption","in":"path","required":true,"type":"number","default":0,"x-ms-visibility":"advanced"}]}}},"definitions":{},"parameters":{},"responses":{},"securityDefinitions":{"API Key":{"type":"apiKey","in":"header","name":"Authorization"}},"security":[{"API Key":[]}],"tags":[]}