{"swagger":"2.0","info":{"title":"Octopus Energy","description":"An Octopus Energy Custom Connector built by DamoBird365","version":"1.0"},"host":"api.octopus.energy","basePath":"/v1/","schemes":["https"],"consumes":[],"produces":[],"paths":{"/industry/grid-supply-points/":{"get":{"responses":{"default":{"description":"default","schema":{"type":"object","properties":{"count":{"type":"number","description":"count"},"results":{"type":"array","items":{"type":"object","properties":{"group_id":{"type":"string","description":"group_id"}}},"description":"results"}}}}},"summary":"Grid Supply Point","description":"Retrieve supply point ID based on valid UK Postcode","operationId":"GridSupplyPoint","x-ms-visibility":"important","parameters":[{"name":"postcode","in":"query","required":true,"type":"string","x-ms-visibility":"important"}]}},"/{meter-point-type}/{mpan}/meters/{serial_number}/consumption/":{"get":{"responses":{"default":{"description":"default","schema":{"type":"object","properties":{"count":{"type":"number","description":"count"},"results":{"type":"array","items":{"type":"object","properties":{"consumption":{"type":"number","description":"consumption"},"interval_start":{"type":"string","description":"interval_start"},"interval_end":{"type":"string","description":"interval_end"}}},"description":"results"}}}}},"summary":"Electricity Meter Point Consumption","operationId":"ElectricityMeterPointConsumption","x-ms-visibility":"important","parameters":[{"name":"meter-point-type","in":"path","required":true,"type":"string","x-ms-visibility":"important","description":"The meter point type, electricity or gas i.e. electricity-meter-points or gas-meter-points","enum":["electricity-meter-points","gas-meter-points"]},{"name":"mpan","in":"path","required":true,"type":"string","x-ms-visibility":"important","description":"The electricity meter-point’s MPAN"},{"name":"serial_number","in":"path","required":true,"type":"string","x-ms-visibility":"important","description":"The meter’s serial number."},{"name":"period_from","in":"query","required":false,"type":"string","x-ms-visibility":"advanced","description":"Show consumption from the given datetime (inclusive). This parameter can be provided on its own."},{"name":"period_to","in":"query","required":false,"type":"string","description":"Show consumption to the given datetime (exclusive). This parameter also requires providing the period_from parameter to create a range.","x-ms-visibility":"advanced"},{"name":"page_size","in":"query","required":false,"type":"number","default":100,"description":"Page size of returned results. Default is 100, maximum is 25,000 to give a full year of half-hourly consumption details.","x-ms-visibility":"advanced"},{"name":"group_by","in":"query","required":false,"type":"string","x-ms-visibility":"advanced","enum":["hour","day","week","month","quarter"],"description":"Aggregates consumption over a specified time period. A day is considered to start and end at midnight in the server’s timezone. The default is that consumption is returned in half-hour periods. Accepted values are: * ‘hour’ * ‘day’ * ‘week’ * ‘month’ * ‘quarter’"}],"description":"List consumption for a meter Return a list of consumption values for half-hour periods for a given meter-point and meter."}},"/products/":{"get":{"responses":{"default":{"description":"default","schema":{"type":"object","properties":{"count":{"type":"number","description":"count"},"results":{"type":"array","items":{"type":"object","properties":{"code":{"type":"string","description":"code"},"direction":{"type":"string","description":"direction"},"full_name":{"type":"string","description":"full_name"},"display_name":{"type":"string","description":"display_name"},"description":{"type":"string","description":"description"},"is_variable":{"type":"boolean","description":"is_variable"},"is_green":{"type":"boolean","description":"is_green"},"is_tracker":{"type":"boolean","description":"is_tracker"},"is_prepay":{"type":"boolean","description":"is_prepay"},"is_business":{"type":"boolean","description":"is_business"},"is_restricted":{"type":"boolean","description":"is_restricted"},"term":{"type":"number","description":"term"},"available_from":{"type":"string","description":"available_from"},"available_to":{"type":"string","description":"available_to"},"links":{"type":"array","items":{"type":"object","properties":{"href":{"type":"string","description":"href"},"method":{"type":"string","description":"method"},"rel":{"type":"string","description":"rel"}}},"description":"links"},"brand":{"type":"string","description":"brand"}}},"description":"results"}}}}},"summary":"List Products","operationId":"ListProducts","x-ms-visibility":"important","parameters":[]}},"/products/{product_code}/electricity-tariffs/{tariff_code}/{rate}/":{"get":{"responses":{"default":{"description":"default","schema":{"type":"object","properties":{"count":{"type":"number","description":"count"},"results":{"type":"array","items":{"type":"object","properties":{"value_exc_vat":{"type":"number","description":"value_exc_vat"},"value_inc_vat":{"type":"number","description":"value_inc_vat"},"valid_from":{"type":"string","description":"valid_from"},"valid_to":{"type":"string","description":"valid_to"}}},"description":"results"}}}}},"summary":"List Tariff Charges","operationId":"ListTariffCharges","description":"Return a list of unit rates and standing charges.","x-ms-visibility":"important","parameters":[{"name":"product_code","in":"path","required":true,"type":"string","description":"The code of the product to be retrieved, for example VAR-17-01-11."},{"name":"tariff_code","in":"path","required":true,"type":"string","description":"The code of the tariff to be retrieved, for example E-1R-VAR-17-01-11-A."},{"name":"rate","in":"path","required":true,"type":"string","enum":["standing-charges","standard-unit-rates","day-unit-rates","night-unit-rates"],"description":"The unit or standing charge rate to return"},{"name":"period_from","in":"query","required":false,"type":"string","description":"Show charges active from the given datetime (inclusive). This parameter can be provided on its own.","x-ms-visibility":"advanced"},{"name":"period_to","in":"query","required":false,"type":"string","description":"Show charges active up to the given datetime (exclusive). You must also provide the period_from parameter in order to create a range.","x-ms-visibility":"advanced"},{"name":"page_size","in":"query","required":false,"type":"number","default":100,"description":"Page size of returned results. Default is 100, maximum is 1,500 to give up to a month of half-hourly prices.","x-ms-visibility":"advanced"}]}}},"definitions":{},"parameters":{},"responses":{},"securityDefinitions":{"API Key":{"type":"apiKey","in":"header","name":"Authorization"}},"security":[{"API Key":[]}],"tags":[]}