{"name":"dd4389d4-4fd3-4baf-ae12-22816453e6af","id":"/providers/Microsoft.Flow/flows/dd4389d4-4fd3-4baf-ae12-22816453e6af","type":"Microsoft.Flow/flows","properties":{"apiId":"/providers/Microsoft.PowerApps/apis/shared_logicflows","displayName":"Password Based On Parameters","definition":{"metadata":{"workflowEntityId":null,"processAdvisorMetadata":null,"flowclientsuspensionreason":"None","flowclientsuspensiontime":null,"flowclientsuspensionreasondetails":null,"creator":{"id":"6c646262-4f6f-4bfb-88c7-86b3d1252cac","type":"User","tenantId":"16c901d1-9763-49b1-961c-6cd701f5d0f7"},"provisioningMethod":"FromDefinition","failureAlertSubscription":true,"clientLastModifiedTime":"2023-02-25T11:10:58.7001326Z"},"$schema":"https://schema.management.azure.com/providers/Microsoft.Logic/schemas/2016-06-01/workflowdefinition.json#","contentVersion":"1.0.0.0","parameters":{"$authentication":{"defaultValue":{},"type":"SecureObject"}},"triggers":{"manual":{"metadata":{"operationMetadataId":"220dc703-b2b1-4b87-9ad8-16ba5cac4f19"},"type":"Request","kind":"Button","inputs":{"schema":{"type":"object","properties":{},"required":[]}}}},"actions":{"Select":{"runAfter":{"Compose":["Succeeded"]},"metadata":{"operationMetadataId":"8c252bec-137d-428b-bdb3-752612608409"},"type":"Select","inputs":{"from":"@chunk(outputs('Compose')?[3],1)","select":{"RandChar":"@chunk(outputs('Compose')?[int(item())],1)?[rand(0,length(outputs('Compose')?[int(item())]))]","RandPosition":"@rand(0,1000)"}}},"Select_Password_Letters":{"runAfter":{"Select":["Succeeded"]},"metadata":{"operationMetadataId":"37f3b72f-6d30-45c8-94fe-b50f3b6a4110"},"type":"Select","inputs":{"from":"@sort(body('Select'),'RandPosition')","select":"@item()?['RandChar']"}},"Compose_Password":{"runAfter":{"Select_Password_Letters":["Succeeded"]},"metadata":{"operationMetadataId":"e32b952e-bb6c-4b31-aaef-7cd0c509b0fd"},"type":"Compose","inputs":"@join(body('Select_Password_Letters'),'')"},"Compose":{"runAfter":{},"metadata":{"operationMetadataId":"f723c0bf-920e-4e20-81d5-6d623de2c8bc"},"type":"Compose","inputs":["abcdefghijklmnopqrstuvwxyzABCDEFGHIJKLMNOPQRSTUVWXYZ","1234567890","~!@#$%^&*_-+=`|\\(){}[]:;\"'<>,.?/","00000111222"]},"Apply_to_each":{"foreach":"@range(0,outputs('ComposeRequirements')?['NoOfPasswords'])","actions":{"ScopePasswordBasedOnParameters":{"actions":{"ComposePasswords":{"runAfter":{"SelectRandomOrder":["Succeeded"]},"metadata":{"operationMetadataId":"b6980ff3-38b5-4916-bf26-d3e4bfe22046"},"type":"Compose","inputs":"StrictOrder: @{ToUpper(chunk(outputs('Compose')?[0], 1)?[rand(0, length(outputs('Compose')?[0]))])}@{join(body('SelectStrictOrder'),'')}\nRandomOrder: @{join(body('SelectRandomOrder'),'')}","description":"ToAddUpperCaseLetter: ToUpper(chunk(outputs('Compose')?[0], 1)?[rand(0, length(outputs('Compose')?[0]))])"},"SelectLetters":{"runAfter":{},"metadata":{"operationMetadataId":"9dcd0140-c345-4745-8823-2a562496cd9c"},"type":"Select","inputs":{"from":"@Range(0,outputs('ComposeRequirements')?['LetterCount'])","select":{"RandChar":"@chunk(outputs('Compose')?[0],1)?[rand(0,length(outputs('Compose')?[0]))]","RandPosition":"@rand(0,1000)"}}},"SelectNumbers":{"runAfter":{"SelectLetters":["Succeeded"]},"metadata":{"operationMetadataId":"98348b15-3404-44ed-94fc-5b96192dbb36"},"type":"Select","inputs":{"from":"@Range(0, outputs('ComposeRequirements')?['NumberCount'])","select":{"RandChar":"@chunk(outputs('Compose')?[1],1)?[rand(0,length(outputs('Compose')?[1]))]","RandPosition":"@rand(0, 1000)"}}},"SelectSymbols":{"runAfter":{"SelectNumbers":["Succeeded"]},"metadata":{"operationMetadataId":"4b21a30b-efa1-464b-a752-34b047576969"},"type":"Select","inputs":{"from":"@Range(0, outputs('ComposeRequirements')?['SymbolCount'])","select":{"RandChar":"@chunk(outputs('Compose')?[2], 1)?[rand(0, length(outputs('Compose')?[2]))]","RandPosition":"@rand(0, 1000)"}}},"SelectStrictOrder":{"runAfter":{"ComposeUnion":["Succeeded"]},"metadata":{"operationMetadataId":"b3780a5f-b265-489f-9060-ec6367a7694b"},"type":"Select","inputs":{"from":"@outputs('ComposeUnion')","select":"@item()?['RandChar']"},"description":"outputs('ComposeUnion')"},"ComposeUnion":{"runAfter":{"SelectSymbols":["Succeeded"]},"metadata":{"operationMetadataId":"425d65d8-8ea0-40b5-8b84-2606c6cc237a"},"type":"Compose","inputs":"@Union(body('SelectLetters'),Union(body('SelectNumbers'),body('SelectSymbols')))","description":"Union(body('SelectLetters'),Union(body('SelectNumbers'),body('SelectSymbols')))"},"SelectRandomOrder":{"runAfter":{"SelectStrictOrder":["Succeeded"]},"metadata":{"operationMetadataId":"fd1ef8a3-dcbd-47e7-9da1-6d754a49c70f"},"type":"Select","inputs":{"from":"@sort(outputs('ComposeUnion'),'RandPosition')","select":"@item()?['RandChar']"},"description":"sort(outputs('ComposeUnion'),'RandPosition')"},"ComposeRandomPassword":{"runAfter":{"ComposePasswords":["Succeeded"]},"metadata":{"operationMetadataId":"a0703143-97ad-42b5-a52d-d9aa2d41e4a6"},"type":"Compose","inputs":"@join(body('SelectRandomOrder'),'')"}},"runAfter":{},"metadata":{"operationMetadataId":"ec779f0a-8ce0-4641-b07c-f7ae77362eee"},"type":"Scope"}},"runAfter":{"ComposeRequirements":["Succeeded"]},"metadata":{"operationMetadataId":"faae9e85-12b1-49ca-84b4-dc62148993f4"},"type":"Foreach","runtimeConfiguration":{"concurrency":{"repetitions":20}}},"ComposeNoOfPasswords":{"runAfter":{"Apply_to_each":["Succeeded"]},"metadata":{"operationMetadataId":"ab081d3c-5f1f-4b7a-8b4a-4aecb6e5088f"},"type":"Compose","inputs":"@outputs('ComposeRandomPassword')"},"ComposeRequirements":{"runAfter":{"Compose_Password":["Succeeded"]},"metadata":{"operationMetadataId":"42f86efb-1659-4416-ae31-19f3eb1ed440"},"type":"Compose","inputs":{"LetterCount":10,"NumberCount":3,"SymbolCount":1,"NoOfPasswords":10}}}},"connectionReferences":{},"flowFailureAlertSubscribed":false,"isManaged":false}}