{"name":"ac38bf38-a38e-4f37-ac70-174e86a6fcfd","id":"/providers/Microsoft.Flow/flows/ac38bf38-a38e-4f37-ac70-174e86a6fcfd","type":"Microsoft.Flow/flows","properties":{"apiId":"/providers/Microsoft.PowerApps/apis/shared_logicflows","displayName":"Solution Bulk Import Planner Tasks from Excel","definition":{"metadata":{"workflowEntityId":null,"processAdvisorMetadata":null,"flowclientsuspensionreason":"None","flowclientsuspensiontime":null,"creator":{"id":"6c646262-4f6f-4bfb-88c7-86b3d1252cac","type":"User","tenantId":"16c901d1-9763-49b1-961c-6cd701f5d0f7"},"provisioningMethod":"FromDefinition","failureAlertSubscription":true,"clientLastModifiedTime":"2022-02-20T09:41:15.0518856Z"},"$schema":"https://schema.management.azure.com/providers/Microsoft.Logic/schemas/2016-06-01/workflowdefinition.json#","contentVersion":"1.0.0.0","parameters":{"$connections":{"defaultValue":{},"type":"Object"},"$authentication":{"defaultValue":{},"type":"SecureObject"}},"triggers":{"manual":{"metadata":{"operationMetadataId":"66c17fc0-0d40-4129-854d-42dcdca9ff0f"},"type":"Request","kind":"Button","inputs":{"schema":{"type":"object","properties":{},"required":[]}}}},"actions":{"Apply_to_each":{"foreach":"@outputs('ListRowsTableTasks')?['body/value']","actions":{"CreatingTasks":{"actions":{"Create_a_task":{"runAfter":{},"metadata":{"operationMetadataId":"b0cd9f6b-2b16-4b5e-a5db-16aaec6bcac8"},"type":"OpenApiConnection","inputs":{"host":{"apiId":"/providers/Microsoft.PowerApps/apis/shared_planner","connectionName":"shared_planner","operationId":"CreateTask_V4"},"parameters":{"body/groupId":"@outputs('ComposeGroupID')","body/planId":"@First(body('Filter_array_Plan_ID'))?['id']","body/title":"@items('Apply_to_each')?['Title']","body/bucketId":"@outputs('ComposeBucketsArray')?[items('Apply_to_each')?['Bucket Id']]","body/startDateTime":"@items('Apply_to_each')?['Start Date Time']","body/dueDateTime":"@If(empty(items('Apply_to_each')?['Due Date Time']),formatDateTime(Adddays(items('Apply_to_each')?['Start Date Time'],7),'yyyy-MM-dd'),items('Apply_to_each')?['Due Date Time'])","body/assignments":"@items('Apply_to_each')?['Assigned User Ids']","body/appliedCategories/category1":"@If(equals(items('Apply_to_each')?['Category'],'Pink'),true,false)","body/appliedCategories/category2":"@If(equals(items('Apply_to_each')?['Category'],'Red'),true,false)","body/appliedCategories/category3":"@If(equals(items('Apply_to_each')?['Category'],'Yellow'),true,false)","body/appliedCategories/category4":"@If(equals(items('Apply_to_each')?['Category'],'Green'),true,false)","body/appliedCategories/category5":"@If(equals(items('Apply_to_each')?['Category'],'Blue'),true,false)","body/priority":"@items('Apply_to_each')?['Priority']"},"authentication":{"value":"@json(decodeBase64(triggerOutputs().headers['X-MS-APIM-Tokens']))['$ConnectionKey']","type":"Raw"}}},"SelectCheckList":{"runAfter":{"Create_a_task":["Succeeded"]},"metadata":{"operationMetadataId":"485dafc2-a37e-4c38-a42b-35e6d15e3e86"},"type":"Select","inputs":{"from":"@range(0,length(split(items('Apply_to_each')?['Check List'],',')))","select":{"id":"@item()","title":"@split(items('Apply_to_each')?['Check List'],',')?[item()]","isChecked":"false"}},"description":"FROM: range(0,length(split(items('Apply_to_each')?['Check List'],','))) id: item() title: split(items('Apply_to_each')?['Check List'],',')?[item()]"},"Filter_array_CheckList":{"runAfter":{"SelectCheckList":["Succeeded"]},"metadata":{"operationMetadataId":"449e05ab-619c-40b9-a28b-86dc5ad6113c"},"type":"Query","inputs":{"from":"@body('SelectCheckList')","where":"@greater(length(item()?['title']), 0)"},"description":"length(item()?['title']) > 0"},"SelectAttachments":{"runAfter":{"Filter_array_CheckList":["Succeeded"]},"metadata":{"operationMetadataId":"3f3d7c02-a8b3-44db-be74-ebb45c787622"},"type":"Select","inputs":{"from":"@range(0,length(split(items('Apply_to_each')?['File Attachment'],',')))","select":{"alias":"A File","resourceLink":"@split(items('Apply_to_each')?['File Attachment'],',')?[item()]","type":"@If(endsWith(split(items('Apply_to_each')?['File Attachment'],',')?[item()],'xlsx'),'Excel','Word')"}},"description":"From: range(0,length(split(items('Apply_to_each')?['File Attachment'],','))) ResourceLink: split(items('Apply_to_each')?['File Attachment'],',')?[item()] type: If(endsWith(split(items('Apply_to_each')?['File Attachment'],',')?[item()],'lsx'),'E','W')"},"Filter_array_Attachments":{"runAfter":{"SelectAttachments":["Succeeded"]},"metadata":{"operationMetadataId":"15f9f5f6-2328-4fdb-ba85-fbabea25cb87"},"type":"Query","inputs":{"from":"@body('SelectAttachments')","where":"@greater(length(item()?['resourceLink']), 0)"},"description":"length(item()?['resourceLink']) > 0"},"Update_task_details":{"runAfter":{"Filter_array_Attachments":["Succeeded"]},"metadata":{"operationMetadataId":"78b106ad-0774-46ba-9432-147c47f29f72"},"type":"OpenApiConnection","inputs":{"host":{"apiId":"/providers/Microsoft.PowerApps/apis/shared_planner","connectionName":"shared_planner","operationId":"UpdateTaskDetails_V2"},"parameters":{"id":"@outputs('Create_a_task')?['body/id']","body/references":"@body('Filter_array_Attachments')","body/checklist":"@body('Filter_array_CheckList')"},"authentication":{"value":"@json(decodeBase64(triggerOutputs().headers['X-MS-APIM-Tokens']))['$ConnectionKey']","type":"Raw"}}},"Send_an_HTTP_request":{"runAfter":{"Update_task_details":["Succeeded"]},"metadata":{"operationMetadataId":"e2c1a5eb-e96b-47aa-85df-80e1db960e99"},"type":"OpenApiConnection","inputs":{"host":{"apiId":"/providers/Microsoft.PowerApps/apis/shared_office365groups","connectionName":"shared_office365groups","operationId":"HttpRequest"},"parameters":{"Uri":"https://graph.microsoft.com/v1.0/planner/tasks/@{outputs('Update_task_details')?['body/id']}/details","Method":"PATCH","Body":"{\n  \"previewType\": \"checklist\"\n}","ContentType":"application/json","CustomHeader1":"If-Match: @{outputs('Update_task_details')?['body']?['@odata.etag']}","CustomHeader2":"Prefer: return=representation"},"authentication":{"value":"@json(decodeBase64(triggerOutputs().headers['X-MS-APIM-Tokens']))['$ConnectionKey']","type":"Raw"}}}},"runAfter":{},"metadata":{"operationMetadataId":"1aba48cc-7903-417b-b4db-55230b7a94f5"},"type":"Scope"},"Send_an_email_(V2)":{"runAfter":{"CreatingTasks":["Failed","Skipped","TimedOut"]},"metadata":{"operationMetadataId":"110fa1df-1c7b-4ae7-846c-8458ab115446"},"type":"OpenApiConnection","inputs":{"host":{"apiId":"/providers/Microsoft.PowerApps/apis/shared_office365","connectionName":"shared_office365","operationId":"SendEmailV2"},"parameters":{"emailMessage/To":"damien@abdndamodev.onmicrosoft.com","emailMessage/Subject":"Failed to Create Task","emailMessage/Body":"<p>Failed to create @{outputs('Create_a_task')?['body/title']}</p>"},"authentication":{"value":"@json(decodeBase64(triggerOutputs().headers['X-MS-APIM-Tokens']))['$ConnectionKey']","type":"Raw"}}}},"runAfter":{"ComposeBucketsArray":["Succeeded"]},"metadata":{"operationMetadataId":"ad0a24c0-1556-4570-ac51-28ff919c59c2"},"type":"Foreach","runtimeConfiguration":{"concurrency":{"repetitions":20}}},"List_plans_for_a_group":{"runAfter":{"ScopeGetGroupID":["Succeeded"]},"metadata":{"operationMetadataId":"49799b13-640a-4087-9afa-ec6d9cb504b8"},"type":"OpenApiConnection","inputs":{"host":{"apiId":"/providers/Microsoft.PowerApps/apis/shared_planner","connectionName":"shared_planner","operationId":"ListGroupPlans"},"parameters":{"groupId":"@outputs('ComposeGroupID')"},"authentication":{"value":"@json(decodeBase64(triggerOutputs().headers['X-MS-APIM-Tokens']))['$ConnectionKey']","type":"Raw"}}},"Filter_array_Plan_ID":{"runAfter":{"List_plans_for_a_group":["Succeeded"]},"metadata":{"operationMetadataId":"10b7bf94-04f3-45cb-92e7-b3782af7203a"},"type":"Query","inputs":{"from":"@outputs('List_plans_for_a_group')?['body/value']","where":"@equals(item()?['title'], outputs('ListRowsTableConfig')?['body/value']?[0]?['PlanName'])"},"description":"outputs('ListRowsTableConfig')?['body/value']?[0]?['PlanName']"},"ListRowsTableTasks":{"runAfter":{"NOTES":["Succeeded"]},"metadata":{"01IG36NFV2XOPSKLG5HVFLDB4XPSOGZT2S":"/Monthly Tasks.xlsx","operationMetadataId":"4d89cc67-481d-462f-8240-0b0fd35355b4","tableId":"{7DF23F3D-E9F2-4A98-8398-B6AC564D49B7}","01UMIXLNVTWLSELA3E5JA2YSIZBG37AFSJ":"/Monthly Tasks.xlsx"},"type":"OpenApiConnection","inputs":{"host":{"apiId":"/providers/Microsoft.PowerApps/apis/shared_excelonlinebusiness","connectionName":"shared_excelonlinebusiness","operationId":"GetItems"},"parameters":{"source":"sites/abdndamodev.sharepoint.com,4cfce49f-9fc6-4446-a212-728bd5f34b0b,5493a17a-5db4-42fe-89fe-aa65d8a11738","drive":"b!n-T8TMafRkSiEnKL1fNLC3qhk1S0Xf5Cif6qZdihFzhyWyLGw222RaZNgF--foUc","file":"01UMIXLNVTWLSELA3E5JA2YSIZBG37AFSJ","table":"{7DF23F3D-E9F2-4A98-8398-B6AC564D49B7}","$filter":"Required eq 'Yes'","dateTimeFormat":"ISO 8601"},"authentication":{"value":"@json(decodeBase64(triggerOutputs().headers['X-MS-APIM-Tokens']))['$ConnectionKey']","type":"Raw"}}},"ListRowsTableConfig":{"runAfter":{"ListRowsTableTasks":["Succeeded"]},"metadata":{"01IG36NFV2XOPSKLG5HVFLDB4XPSOGZT2S":"/Monthly Tasks.xlsx","operationMetadataId":"02576d53-151f-4265-b131-b43c194a1b3d","tableId":"{A28FE80F-0B8C-4485-A9E1-9A6C3707A047}","01UMIXLNVTWLSELA3E5JA2YSIZBG37AFSJ":"/Monthly Tasks.xlsx"},"type":"OpenApiConnection","inputs":{"host":{"apiId":"/providers/Microsoft.PowerApps/apis/shared_excelonlinebusiness","connectionName":"shared_excelonlinebusiness","operationId":"GetItems"},"parameters":{"source":"sites/abdndamodev.sharepoint.com,4cfce49f-9fc6-4446-a212-728bd5f34b0b,5493a17a-5db4-42fe-89fe-aa65d8a11738","drive":"b!n-T8TMafRkSiEnKL1fNLC3qhk1S0Xf5Cif6qZdihFzhyWyLGw222RaZNgF--foUc","file":"01UMIXLNVTWLSELA3E5JA2YSIZBG37AFSJ","table":"{A28FE80F-0B8C-4485-A9E1-9A6C3707A047}"},"authentication":{"value":"@json(decodeBase64(triggerOutputs().headers['X-MS-APIM-Tokens']))['$ConnectionKey']","type":"Raw"}}},"SelectBuckets":{"runAfter":{"List_buckets_Post_Creation":["Succeeded"]},"metadata":{"operationMetadataId":"29556d5a-6f0f-42be-81dc-6cb9fa96dd4e"},"type":"Select","inputs":{"from":"@outputs('List_buckets_Post_Creation')?['body/value']","select":"@concat('\"', Item()?['Name'] , '\":\"', item()?['id'], '\"')"},"description":"concat('\"', Item()?['Name'] , '\":\"', item()?['id'], '\"')"},"ComposeBucketsArray":{"runAfter":{"SelectBuckets":["Succeeded"]},"metadata":{"operationMetadataId":"24fe5699-107c-45e8-b6bd-96d23900398d"},"type":"Compose","inputs":"@json(concat('{', join(body('SelectBuckets'), ','), '}'))","description":"json(concat('{', join(body('SelectBuckets'), ','), '}'))"},"ScopeCreateBuckets":{"actions":{"SelectBucketsFromExcel":{"runAfter":{},"metadata":{"operationMetadataId":"ac413368-b434-4c4f-a333-8467d11501d1"},"type":"Select","inputs":{"from":"@outputs('ListRowsTableTasks')?['body/value']","select":"@item()?['Bucket Id']"}},"ComposeUniqueBuckets":{"runAfter":{"SelectBucketsFromExcel":["Succeeded"]},"metadata":{"operationMetadataId":"cfc0ced2-c114-4a71-883c-a58ee3e40829"},"type":"Compose","inputs":"@union(body('SelectBucketsFromExcel'), body('SelectBucketsFromExcel'))"},"SelectBucketsFromPlanner":{"runAfter":{"ComposeUniqueBuckets":["Succeeded"]},"metadata":{"operationMetadataId":"cf245747-fa14-4d68-8bf6-538682f6ad97"},"type":"Select","inputs":{"from":"@outputs('List_buckets_Pre_Creation')?['body/value']","select":"@item()?['name']"}},"Filter_array":{"runAfter":{"SelectBucketsFromPlanner":["Succeeded"]},"metadata":{"operationMetadataId":"3f81763e-e75a-4452-9ad5-17325fd956c2"},"type":"Query","inputs":{"from":"@outputs('ComposeUniqueBuckets')","where":"@not(contains(body('SelectBucketsFromPlanner'), item()))"}},"Apply_to_each_Bucket":{"foreach":"@body('Filter_array')","actions":{"Create_a_bucket":{"runAfter":{},"metadata":{"operationMetadataId":"bcc564f9-9033-4e19-8aae-4c167039da5f"},"type":"OpenApiConnection","inputs":{"host":{"apiId":"/providers/Microsoft.PowerApps/apis/shared_planner","connectionName":"shared_planner","operationId":"CreateBucket_V2"},"parameters":{"body/name":"@items('Apply_to_each_Bucket')","body/groupId":"@outputs('ComposeGroupID')","body/planId":"@body('Filter_array_Plan_ID')?[0]?['Id']"},"authentication":{"value":"@json(decodeBase64(triggerOutputs().headers['X-MS-APIM-Tokens']))['$ConnectionKey']","type":"Raw"}}}},"runAfter":{"Filter_array":["Succeeded"]},"metadata":{"operationMetadataId":"45a4d61a-5869-4e38-9fea-e8094d9a85b0"},"type":"Foreach"}},"runAfter":{"List_buckets_Pre_Creation":["Succeeded"]},"metadata":{"operationMetadataId":"ad67455e-c1a5-412c-9a18-dfabf1ff152c"},"type":"Scope"},"NOTES":{"runAfter":{},"metadata":{"operationMetadataId":"2b65843c-05e3-4e57-be0b-2fc6222301b0"},"type":"Compose","inputs":"To Implement (see DamoBird365.com or YouTube.com/C/DamoBird365)\n1. Update the location of the Excel File and Table in the first two List Rows Action\n2. Update Email address in Send an Email\n3. Create an Empty Plan\n4. Update Excel File with Group ID and Plan ID"},"List_buckets_Pre_Creation":{"runAfter":{"Filter_array_Plan_ID":["Succeeded"]},"metadata":{"operationMetadataId":"1cc076fc-c2c9-4b5c-ad42-6e43bb3e31f4"},"type":"OpenApiConnection","inputs":{"host":{"apiId":"/providers/Microsoft.PowerApps/apis/shared_planner","connectionName":"shared_planner","operationId":"ListBuckets_V3"},"parameters":{"groupId":"@outputs('ComposeGroupID')","id":"@body('Filter_array_Plan_ID')?[0]?['Id']"},"authentication":{"value":"@json(decodeBase64(triggerOutputs().headers['X-MS-APIM-Tokens']))['$ConnectionKey']","type":"Raw"}},"description":"body('Filter_array_Plan_ID')?[0]?['Id']"},"List_buckets_Post_Creation":{"runAfter":{"ScopeCreateBuckets":["Succeeded"]},"metadata":{"operationMetadataId":"1cc076fc-c2c9-4b5c-ad42-6e43bb3e31f4"},"type":"OpenApiConnection","inputs":{"host":{"apiId":"/providers/Microsoft.PowerApps/apis/shared_planner","connectionName":"shared_planner","operationId":"ListBuckets_V3"},"parameters":{"groupId":"@outputs('ComposeGroupID')","id":"@body('Filter_array_Plan_ID')?[0]?['Id']"},"authentication":{"value":"@json(decodeBase64(triggerOutputs().headers['X-MS-APIM-Tokens']))['$ConnectionKey']","type":"Raw"}},"description":"body('Filter_array_Plan_ID')?[0]?['Id']"},"ScopeGetGroupID":{"actions":{"List_teams":{"runAfter":{},"metadata":{"operationMetadataId":"dd93a322-092c-49f9-bbdc-ea7fa280d0d1"},"type":"OpenApiConnection","inputs":{"host":{"apiId":"/providers/Microsoft.PowerApps/apis/shared_teams","connectionName":"shared_teams","operationId":"GetAllTeams"},"parameters":{},"authentication":{"value":"@json(decodeBase64(triggerOutputs().headers['X-MS-APIM-Tokens']))['$ConnectionKey']","type":"Raw"}}},"Filter_array_Teams":{"runAfter":{"List_teams":["Succeeded"]},"metadata":{"operationMetadataId":"bc92c758-a49a-4e28-9af5-727aee100ec0"},"type":"Query","inputs":{"from":"@outputs('List_teams')?['body/value']","where":"@equals(item()?['displayName'], outputs('ListRowsTableConfig')?['body/value']?[0]?['GroupName'])"}},"ComposeGroupID":{"runAfter":{"Filter_array_Teams":["Succeeded"]},"metadata":{"operationMetadataId":"e0201531-3537-4330-bd1e-a655ef8facc4"},"type":"Compose","inputs":"@body('Filter_array_Teams')?[0]?['id']"}},"runAfter":{"ListRowsTableConfig":["Succeeded"]},"metadata":{"operationMetadataId":"16f98681-57aa-4396-a239-fa715354b8d5"},"type":"Scope"}}},"connectionReferences":{"shared_planner":{"connectionName":"shared-planner-24ee1f34-fbfa-449a-b000-a596-09f87808","source":"Invoker","id":"/providers/Microsoft.PowerApps/apis/shared_planner","tier":"NotSpecified"},"shared_office365groups":{"connectionName":"shared-office365grou-c40ede77-fcbc-417d-8e8c-464d-43493891","source":"Invoker","id":"/providers/Microsoft.PowerApps/apis/shared_office365groups","tier":"NotSpecified"},"shared_office365":{"connectionName":"shared-office365-2c7a215d-616e-4cc2-9dab-9d05f14c21a5","source":"Invoker","id":"/providers/Microsoft.PowerApps/apis/shared_office365","tier":"NotSpecified"},"shared_excelonlinebusiness":{"connectionName":"shared-excelonlinebu-47960226-b338-4d03-bbc1-dcfb-43cc2fda","source":"Invoker","id":"/providers/Microsoft.PowerApps/apis/shared_excelonlinebusiness","tier":"NotSpecified"},"shared_teams":{"connectionName":"shared-teams-c32e6b36-e3dd-4ca6-806d-5969ba7e6dee","source":"Invoker","id":"/providers/Microsoft.PowerApps/apis/shared_teams","tier":"NotSpecified"}},"flowFailureAlertSubscribed":false}}