{
  "properties": {
    "connectionReferences": {
      "shared_octopus-20energy-5ff5371b243de4656e-5f1c86664f8215fbbc_1": {
        "runtimeSource": "embedded",
        "connection": {
          "connectionReferenceLogicalName": "db365_sharedoctopus20energy5ff5371b243de4656e5f1c86664f8215fbbc_94ad3"
        },
        "api": {
          "name": "shared_octopus-20energy-5ff5371b243de4656e-5f1c86664f8215fbbc",
          "logicalName": "db365_octopus-20energy"
        }
      },
      "shared_octopus-20energy-20tracker-20api-5ff5371b243de4-39c4112b0a4e32da": {
        "runtimeSource": "embedded",
        "connection": {
          "connectionReferenceLogicalName": "db365_sharedoctopus20energy20tracker20api5ff5371b243de439c4112b0a4e32d_012b2"
        },
        "api": {
          "name": "shared_octopus-20energy-20tracker-20api-5ff5371b243de4-39c4112b0a4e32da",
          "logicalName": "db365_octopus-20energy-20tracker-20api"
        }
      },
      "shared_office365": {
        "runtimeSource": "embedded",
        "connection": {
          "connectionReferenceLogicalName": "new_sharedoffice365_35af8"
        },
        "api": {
          "name": "shared_office365"
        }
      }
    },
    "definition": {
      "$schema": "https://schema.management.azure.com/providers/Microsoft.Logic/schemas/2016-06-01/workflowdefinition.json#",
      "contentVersion": "1.0.0.0",
      "parameters": {
        "$connections": {
          "defaultValue": {},
          "type": "Object"
        },
        "$authentication": {
          "defaultValue": {},
          "type": "SecureObject"
        },
        "Alert Email Address (db365_AlertEmailAddress)": {
          "defaultValue": "abdndamo@gmail.com",
          "type": "String",
          "metadata": {
            "schemaName": "db365_AlertEmailAddress",
            "description": "Who should receive the alert?"
          }
        },
        "MPAN (db365_MPAN)": {
          "defaultValue": "1700053108161",
          "type": "String",
          "metadata": {
            "schemaName": "db365_MPAN",
            "description": "Your meter MPAN"
          }
        },
        "Meter Serial No (db365_MeterSerialNo)": {
          "defaultValue": "19L3842206",
          "type": "String",
          "metadata": {
            "schemaName": "db365_MeterSerialNo"
          }
        }
      },
      "triggers": {
        "Recurrence": {
          "recurrence": {
            "frequency": "Day",
            "interval": 1,
            "startTime": "2023-04-15T07:00:00Z"
          },
          "metadata": {
            "operationMetadataId": "0271c9fd-b70b-4d3a-b013-7e056570cf49"
          },
          "type": "Recurrence"
        }
      },
      "actions": {
        "Grid_Supply_Point": {
          "runAfter": {},
          "metadata": {
            "operationMetadataId": "4456d2f3-2a05-4182-9c0e-366291a57069"
          },
          "type": "OpenApiConnection",
          "inputs": {
            "host": {
              "connectionName": "shared_octopus-20energy-5ff5371b243de4656e-5f1c86664f8215fbbc_1",
              "operationId": "GridSupplyPoint",
              "apiId": ""
            },
            "parameters": {
              "postcode": "AB10 1AB"
            },
            "authentication": "@parameters('$authentication')"
          }
        },
        "Get_Tracker_Prices": {
          "runAfter": {
            "Grid_Supply_Point": [
              "Succeeded"
            ]
          },
          "metadata": {
            "operationMetadataId": "77d22190-1e0a-4c94-aa06-f2cd8f280ec2"
          },
          "type": "OpenApiConnection",
          "inputs": {
            "host": {
              "connectionName": "shared_octopus-20energy-20tracker-20api-5ff5371b243de4-39c4112b0a4e32da",
              "operationId": "GetTrackerPrices",
              "apiId": ""
            },
            "parameters": {
              "tariff_code": "E-1R-SILVER-FLEX-22-11-25",
              "regional_code": "@replace(outputs('Grid_Supply_Point')?['body/results']?[0]?['group_id'],'_','')",
              "interval": "daily",
              "direction": "current",
              "number": 1,
              "consumption": 0
            },
            "authentication": "@parameters('$authentication')"
          },
          "description": "replace(outputs('Grid_Supply_Point')?['body/results']?[0]?['group_id'],'_','')"
        },
        "Electricity_Meter_Point_Consumption": {
          "runAfter": {
            "Filter_array_Yesterday": [
              "Succeeded"
            ]
          },
          "metadata": {
            "operationMetadataId": "b46cd04d-d480-474d-890a-72a9eaed8cce"
          },
          "type": "OpenApiConnection",
          "inputs": {
            "host": {
              "connectionName": "shared_octopus-20energy-5ff5371b243de4656e-5f1c86664f8215fbbc_1",
              "operationId": "ElectricityMeterPointConsumption",
              "apiId": ""
            },
            "parameters": {
              "meter-point-type": "electricity-meter-points",
              "mpan": "@parameters('MPAN (db365_MPAN)')",
              "serial_number": "@parameters('Meter Serial No (db365_MeterSerialNo)')",
              "period_from": "@adddays(utcnow(),-1,'yyyy-MM-dd')",
              "period_to": "@utcnow('yyyy-MM-dd')",
              "page_size": 100,
              "group_by": "day"
            },
            "authentication": "@parameters('$authentication')"
          }
        },
        "Electricity_Meter_Point_Consumption_30_Mins": {
          "runAfter": {
            "Electricity_Meter_Point_Consumption": [
              "Succeeded"
            ]
          },
          "metadata": {
            "operationMetadataId": "6a2f769d-aca3-451f-8741-71a501ad9986"
          },
          "type": "OpenApiConnection",
          "inputs": {
            "host": {
              "connectionName": "shared_octopus-20energy-5ff5371b243de4656e-5f1c86664f8215fbbc_1",
              "operationId": "ElectricityMeterPointConsumption",
              "apiId": ""
            },
            "parameters": {
              "meter-point-type": "electricity-meter-points",
              "mpan": "@parameters('MPAN (db365_MPAN)')",
              "serial_number": "@parameters('Meter Serial No (db365_MeterSerialNo)')",
              "period_from": "@adddays(utcnow(),-1,'yyyy-MM-dd')",
              "period_to": "@utcnow('yyyy-MM-dd')",
              "page_size": 100
            },
            "authentication": "@parameters('$authentication')"
          }
        },
        "Create_HTML_table": {
          "runAfter": {
            "Compose_Style": [
              "Succeeded"
            ]
          },
          "metadata": {
            "operationMetadataId": "76118542-78c7-459c-9bea-8016b385bced"
          },
          "type": "Table",
          "inputs": {
            "from": "@outputs('Electricity_Meter_Point_Consumption_30_Mins')?['body/results']",
            "format": "HTML",
            "columns": [
              {
                "header": "ConsumptionPerkWh",
                "value": "@item()?['Consumption']"
              },
              {
                "header": "Start",
                "value": "@formatdatetime(item()?['interval_start'],'dd-MM-yyyy HH:mm:ss')"
              },
              {
                "header": "End",
                "value": "@formatdatetime(item()?['interval_end'],'dd-MM-yyyy HH:mm:ss')"
              }
            ]
          }
        },
        "Send_an_email_(V2)": {
          "runAfter": {
            "Compose_Yesterday_Consumption": [
              "Succeeded"
            ]
          },
          "metadata": {
            "operationMetadataId": "9a593060-3e7d-41f1-991e-3ee21dc004a6"
          },
          "type": "OpenApiConnection",
          "inputs": {
            "host": {
              "connectionName": "shared_office365",
              "operationId": "SendEmailV2",
              "apiId": "/providers/Microsoft.PowerApps/apis/shared_office365"
            },
            "parameters": {
              "emailMessage/To": "@parameters('Alert Email Address (db365_AlertEmailAddress)')",
              "emailMessage/Subject": "Octopus Energy Summary",
              "emailMessage/Body": "<p>On @{utcnow('ddd dd MMM yyyy')} your rate is £@{div(float(first(body('Filter_array'))?['unit_rate']), 100)}<br>\n<br>\nYesterday you consumed @{first(sort(outputs('Electricity_Meter_Point_Consumption')?['body/results'], 'interval_start'))?['consumption']}kWh or £@{div(mul(outputs('Compose_Yesterday_Consumption'),outputs('Compose_Yesterday_Unit_Rate')),1.05)} at £@{outputs('Compose_Yesterday_Unit_Rate')} per kWh.<br>\n<br>\nPer 30 min consumption was:@{outputs('Compose_Style')}<br>\n@{body('Create_HTML_table')}<br>\n</p>",
              "emailMessage/Importance": "Normal"
            },
            "authentication": "@parameters('$authentication')"
          }
        },
        "Filter_array": {
          "runAfter": {
            "Get_Tracker_Prices": [
              "Succeeded"
            ]
          },
          "metadata": {
            "operationMetadataId": "635caedd-7bd5-4744-b2ce-6cc0550b6881"
          },
          "type": "Query",
          "inputs": {
            "from": "@outputs('Get_Tracker_Prices')?['body/periods']",
            "where": "@equals(item()?['date'], utcnow('yyyy-MM-dd'))"
          }
        },
        "Filter_array_Yesterday": {
          "runAfter": {
            "Filter_array": [
              "Succeeded"
            ]
          },
          "metadata": {
            "operationMetadataId": "635caedd-7bd5-4744-b2ce-6cc0550b6881"
          },
          "type": "Query",
          "inputs": {
            "from": "@outputs('Get_Tracker_Prices')?['body/periods']",
            "where": "@equals(item()?['date'], adddays(utcnow(), -1, 'yyyy-MM-dd'))"
          }
        },
        "Compose_Style": {
          "runAfter": {
            "Electricity_Meter_Point_Consumption_30_Mins": [
              "Succeeded"
            ]
          },
          "metadata": {
            "operationMetadataId": "c2ee7b97-a7c9-4475-b43d-59918aa976eb"
          },
          "type": "Compose",
          "inputs": "<style>\n      table {\n        width: 100%;\n        border-collapse: collapse;\n      }\n      table,\n      th,\n      td {\n        border: 1px solid black;\n      }\n      thead {\n        background-color: #1c87c9;\n        color: #ffffff;\n      }\n      th {\n        text-align: center;\n        height: 50px;\n      }\n      tbody tr:nth-child(odd) {\n        background: #ffffff;\n      }\n      tbody tr:nth-child(even) {\n        background: #f4f4f4;\n      }\n    </style>"
        },
        "Compose_Yesterday_Unit_Rate": {
          "runAfter": {
            "Create_HTML_table": [
              "Succeeded"
            ]
          },
          "metadata": {
            "operationMetadataId": "89eb3a56-3d46-43cd-b530-97c33734932d"
          },
          "type": "Compose",
          "inputs": "@div(float(first(body('Filter_array_yesterday'))?['unit_rate']),100)"
        },
        "Compose_Yesterday_Consumption": {
          "runAfter": {
            "Compose_Yesterday_Unit_Rate": [
              "Succeeded"
            ]
          },
          "metadata": {
            "operationMetadataId": "5c8d3d92-1fc7-46c8-95c5-3fbc328bbbae"
          },
          "type": "Compose",
          "inputs": "@float(first(sort(outputs('Electricity_Meter_Point_Consumption')?['body/results'],'interval_start'))?['consumption'])"
        }
      }
    },
    "templateName": ""
  },
  "schemaVersion": "1.0.0.0"
}