{"name":"5b03ed81-5832-4031-bfb4-9eadf77476d2","id":"/providers/Microsoft.Flow/flows/5b03ed81-5832-4031-bfb4-9eadf77476d2","type":"Microsoft.Flow/flows","properties":{"apiId":"/providers/Microsoft.PowerApps/apis/shared_logicflows","displayName":"Solution Repurpose an Array","definition":{"metadata":{"workflowEntityId":null,"processAdvisorMetadata":null,"flowclientsuspensionreason":"None","flowclientsuspensiontime":null,"creator":{"id":"6c646262-4f6f-4bfb-88c7-86b3d1252cac","type":"User","tenantId":"16c901d1-9763-49b1-961c-6cd701f5d0f7"},"provisioningMethod":"FromDefinition","failureAlertSubscription":true,"clientLastModifiedTime":"2021-09-04T10:23:50.0509701Z"},"$schema":"https://schema.management.azure.com/providers/Microsoft.Logic/schemas/2016-06-01/workflowdefinition.json#","contentVersion":"1.0.0.0","parameters":{"$authentication":{"defaultValue":{},"type":"SecureObject"}},"triggers":{"manual":{"type":"Request","kind":"Button","inputs":{"schema":{"type":"object","properties":{},"required":[]}}}},"actions":{"Compose":{"runAfter":{},"type":"Compose","inputs":[{"Name":"John Doe","Type":"Work Phone","Number":"334-233-2323"},{"Name":"Jane Doe","Type":"Home Phone","Number":"455-234-1212"},{"Name":"Jane Doe","Type":"Work Phone","Number":"565-234-1212"},{"Name":"Jane Doe","Type":"Mobile Phone","Number":"121-222-1212"}],"description":"json(outputs('Get_file_content')?['body'])"},"Select":{"runAfter":{"Compose":["Succeeded"]},"type":"Select","inputs":{"from":"@outputs('Compose')","select":"@item()?['Name']"},"description":"item()?['Name']"},"UniqueNames":{"runAfter":{"Select":["Succeeded"]},"type":"Compose","inputs":"@union(body('Select'),body('Select'))","description":"union(body('Select'),body('Select'))"},"RepurposedArray":{"runAfter":{"UniqueNames":["Succeeded"]},"type":"Select","inputs":{"from":"@outputs('Compose')","select":{"@{item()?['Name']}-@{item()?['Type']}":"@item()?['Number']"}}},"FlattenOurArray":{"runAfter":{"RepurposedArray":["Succeeded"]},"type":"Compose","inputs":["@json(replace(join(body('RepurposedArray'),','),'},{',','))"],"description":"json(replace(join(body('RepurposedArray'),','),'},{',','))"},"OurNewArray":{"runAfter":{"FlattenOurArray":["Succeeded"]},"type":"Select","inputs":{"from":"@outputs('UniqueNames')","select":{"Name":"@item()","Home Phone":"@first(outputs('FlattenOurArray'))?[concat(item(),'-Home Phone')]","Mobile Phone":"@first(outputs('FlattenOurArray'))?[concat(item(),'-Mobile Phone')]","Work Phone":"@first(outputs('FlattenOurArray'))?[concat(item(),'-Work Phone')]"}},"description":"example Value: first(outputs('FlattenOurArray'))?[concat(item(),'-Home Phone')]"}}},"connectionReferences":{},"flowFailureAlertSubscribed":false}}