{"name":"08f31a96-69b3-49ce-b38c-be366ed6c282","id":"/providers/Microsoft.Flow/flows/08f31a96-69b3-49ce-b38c-be366ed6c282","type":"Microsoft.Flow/flows","properties":{"apiId":"/providers/Microsoft.PowerApps/apis/shared_logicflows","displayName":"Solution How to Combine Data Between Arrays and Perform Calcs","definition":{"metadata":{"workflowEntityId":null,"processAdvisorMetadata":null,"flowclientsuspensionreason":"None","flowclientsuspensiontime":null,"creator":{"id":"6c646262-4f6f-4bfb-88c7-86b3d1252cac","type":"User","tenantId":"16c901d1-9763-49b1-961c-6cd701f5d0f7"},"provisioningMethod":"FromDefinition","failureAlertSubscription":true,"clientLastModifiedTime":"2021-09-05T19:39:22.1194744Z"},"$schema":"https://schema.management.azure.com/providers/Microsoft.Logic/schemas/2016-06-01/workflowdefinition.json#","contentVersion":"1.0.0.0","parameters":{"$authentication":{"defaultValue":{},"type":"SecureObject"}},"triggers":{"manual":{"type":"Request","kind":"Button","inputs":{"schema":{"type":"object","properties":{},"required":[]}}}},"actions":{"CustomerArray":{"runAfter":{},"type":"Compose","inputs":[{"ID":101,"Client":"John Doe","Home Design Complete":"12/5/2021","Home Construction Start":"2/10/2022","Home Construction Complete":"1/15/2023","Appointment":"Design Complete - 30"},{"ID":102,"Client":"Jane Doe","Home Design Complete":"11/15/2021","Home Construction Start":"1/10/2022","Home Construction Complete":"12/15/2022","Appointment":"Construction Complete + 15"},{"ID":103,"Client":"Michael Smith","Home Design Complete":"12/5/2021","Home Construction Start":"2/10/2022","Home Construction Complete":"1/15/2023","Appointment":"Construction Start + 180"},{"ID":104,"Client":"Nancy Young","Home Design Complete":"12/5/2021","Home Construction Start":"2/10/2022","Home Construction Complete":"1/15/2023","Appointment":"Construction Complete - 10"}]},"ApptDays":{"runAfter":{"CustomerArray":["Succeeded"]},"type":"Compose","inputs":[{"Appointment":"Design Complete - 15","Milestone":"Home Design Complete","Number of Days":"-15"},{"Appointment":"Design Complete - 30","Milestone":"Home Design Complete","Number of Days":"-30"},{"Appointment":"Design Complete + 15","Milestone":"Home Design Complete","Number of Days":"15"},{"Appointment":"Design Complete + 30","Milestone":"Home Design Complete","Number of Days":"30"},{"Appointment":"Construction Start + 180","Milestone":"Home Construction Start","Number of Days":"180"},{"Appointment":"Construction Start - 30","Milestone":"Home Construction Start","Number of Days":"-30"},{"Appointment":"Construction Complete + 30","Milestone":"Home Construction Complete","Number of Days":"30"},{"Appointment":"Construction Complete - 10","Milestone":"Home Construction Complete","Number of Days":"-10"},{"Appointment":"Construction Complete + 15","Milestone":"Home Construction Complete","Number of Days":"+15"}]},"ApptDaysRepurpose":{"runAfter":{"ApptDays":["Succeeded"]},"type":"Select","inputs":{"from":"@outputs('ApptDays')","select":{"@{item()?['Appointment']}":"@item()?['Number of Days']"}},"description":"KEY: item()?['Appointment'] VALUE: item()?['Number of Days']"},"ApptDaysFlattened":{"runAfter":{"ApptDaysRepurpose":["Succeeded"]},"type":"Compose","inputs":["@json(replace(join(body('ApptDaysRepurpose'), ','), '},{', ','))"],"description":"json(replace(join(body('ApptDaysRepurpose'), ','), '},{', ','))"},"New_Array":{"runAfter":{"ApptDaysFlattened":["Succeeded"]},"type":"Select","inputs":{"from":"@outputs('CustomerArray')","select":{"ID":"@item()?['ID']","Client":"@item()?['Client']","Home Design Complete":"@item()?['Home Design Complete']","Home Construction Start":"@item()?['Home Construction Start']","Home Construction Complete":"@item()?['Home Construction Complete']","Appointment":"@item()?['Appointment']","Appointment Date":"@formatdatetime(adddays(item()?[concat('Home ', concat(split(item()?['Appointment'], ' ')?[0], ' ', split(item()?['Appointment'], ' ')?[1]))], int(first(outputs('ApptDaysFlattened'))?[item()?['Appointment']])),'MM/dd/yyyy')","FYIApptDateNoAddDays":"@item()?[concat('Home ', concat(split(item()?['Appointment'], ' ')?[0], ' ', split(item()?['Appointment'], ' ')?[1]))]","FYINoOfDaysToAdd":"@first(outputs('ApptDaysFlattened'))?[item()?['Appointment']]","Appointment Date Solution 2":"@formatdatetime(adddays(item()?[concat('Home ',concat(split(item()?['Appointment'],' ')?[0],' ',split(item()?['Appointment'],' ')?[1]))],int(concat(split(item()?['Appointment'], ' ')?[2], split(item()?['Appointment'], ' ')?[3]))),'MM/dd/yyyy')","FYINofDaysToAddFromString":"@int(concat(split(item()?['Appointment'], ' ')?[2], split(item()?['Appointment'], ' ')?[3]))"}}}}},"connectionReferences":{},"flowFailureAlertSubscribed":false}}