{"name":"2d47fb52-4a7d-43c2-862a-bc33809b0877","id":"/providers/Microsoft.Flow/flows/2d47fb52-4a7d-43c2-862a-bc33809b0877","type":"Microsoft.Flow/flows","properties":{"apiId":"/providers/Microsoft.PowerApps/apis/shared_logicflows","displayName":"Solution Demo Advanced JSON Data Operations - With Answers","definition":{"metadata":{"workflowEntityId":null,"processAdvisorMetadata":null,"flowclientsuspensionreason":"None","flowclientsuspensiontime":null,"flowclientsuspensionreasondetails":null,"creator":{"id":"6c646262-4f6f-4bfb-88c7-86b3d1252cac","type":"User","tenantId":"16c901d1-9763-49b1-961c-6cd701f5d0f7"},"provisioningMethod":"FromDefinition","failureAlertSubscription":true,"clientLastModifiedTime":"2022-08-28T14:50:25.2203155Z"},"$schema":"https://schema.management.azure.com/providers/Microsoft.Logic/schemas/2016-06-01/workflowdefinition.json#","contentVersion":"1.0.0.0","parameters":{"$authentication":{"defaultValue":{},"type":"SecureObject"}},"triggers":{"manual":{"metadata":{"operationMetadataId":"735287f1-add4-4be6-8f4d-5d17c7f3cbfa"},"type":"Request","kind":"Button","inputs":{"schema":{"type":"object","properties":{},"required":[]}}}},"actions":{"Compose_Sample_Array":{"runAfter":{},"metadata":{"operationMetadataId":"51228399-277e-43ed-b25c-4d96a0f90cc0"},"type":"Compose","inputs":[{"id":1,"first_name":"Mignon","last_name":"Clarage","email":"mclarage0@flavors.me","age":39,"gender":"Female"},{"id":2,"first_name":"Stevena","last_name":"Bernhart","email":"sbernhart1@paginegialle.it","age":60,"gender":"Female"},{"id":3,"first_name":"Wes","last_name":"Clery","email":"wclery2@smugmug.com","age":44,"gender":"Male"},{"id":4,"first_name":"Lexie","last_name":"Peddel","email":"lpeddel3@netscape.com","age":63,"gender":"Female"},{"id":5,"first_name":"Nero","last_name":"Gasticke","email":"ngasticke4@so-net.ne.jp","age":40,"gender":"Male"},{"id":6,"first_name":"Kacy","last_name":"Pittam","email":"kpittam5@independent.co.uk","age":57,"gender":"Female"},{"id":7,"first_name":"Katharina","last_name":"McGenn","email":"kmcgenn6@is.gd","age":32,"gender":"Female"},{"id":8,"first_name":"Carrol","last_name":"Copelli","email":"ccopelli7@imgur.com","age":80,"gender":"Male"},{"id":9,"first_name":"Papageno","last_name":"Brazelton","email":"pbrazelton8@yandex.ru","age":80,"gender":"Male"},{"id":10,"first_name":"Adriaens","last_name":"Clulow","email":"aclulow9@sbwire.com","age":32,"gender":"Female"}]},"ScopeChallenges":{"actions":{"ScopeChallenge1":{"actions":{},"runAfter":{},"metadata":{"operationMetadataId":"24f6f505-dadd-47e7-a4e7-7ac5b8a880d8"},"type":"Scope","description":"Create a semi colon seperated string of emails i.e. email1;email2;email3"},"ScopeChallenge2":{"actions":{},"runAfter":{"ScopeChallenge1":["Succeeded"]},"metadata":{"operationMetadataId":"269431d1-8e64-45af-82a4-9ebcfb5cc9cd"},"type":"Scope","description":"Add a new property full_name to existing array by appending first and last name"},"ScopeChallenge3":{"actions":{},"runAfter":{"ScopeChallenge2":["Succeeded"]},"metadata":{"operationMetadataId":"959f8eb6-58dd-4ebf-af9f-879efd93ac25"},"type":"Scope","description":"Sum the ages, retrieve the minimum and maximum age"},"ScopeChallenge4":{"actions":{},"runAfter":{"ScopeChallenge3":["Succeeded"]},"metadata":{"operationMetadataId":"198fe944-db2f-40c6-a17f-92e84b154a4f"},"type":"Scope","description":"Summarize the number of male and female people in the array (6 female / 4 male)"},"ScopeChallenge5":{"actions":{"ComposeFormResponses":{"runAfter":{},"metadata":{"operationMetadataId":"4d838cfa-5961-4030-a98d-69a5a7ffb8fa"},"type":"Compose","inputs":[{"responseid":"40-752-9575","email":"wclery2@smugmug.com","favourite_colour":"Red"},{"responseid":"39-358-1275","email":"lpeddel3@netscape.com","favourite_colour":"Yellow"},{"responseid":"52-420-8696","email":"ccopelli7@imgur.com","favourite_colour":"Blue"},{"responseid":"64-104-6113","email":"aclulow9@sbwire.com","favourite_colour":"Purple"}]}},"runAfter":{"ScopeChallenge4":["Succeeded"]},"metadata":{"operationMetadataId":"ee744747-4eba-4edf-a7cf-40051bc75893"},"type":"Scope","description":"Using the form responses in the compose array, determine who is yet to respond"}},"runAfter":{"Compose_Sample_Array":["Succeeded"]},"metadata":{"operationMetadataId":"077bfd78-de1b-412c-bd2e-12bb275f8df6"},"type":"Scope"},"ScopeChallengesWithAnswers":{"actions":{"ScopeChallenge1-Answer":{"actions":{"SelectChallenge1":{"runAfter":{},"metadata":{"operationMetadataId":"bae6dea5-4e41-4ed7-9b7e-115af0ff7c42"},"type":"Select","inputs":{"from":"@outputs('Compose_Sample_Array')","select":"@item()?['email']"}},"ComposeChallenge1":{"runAfter":{"SelectChallenge1":["Succeeded"]},"metadata":{"operationMetadataId":"9e5451ed-b86c-4c10-b56b-b21c89274de6"},"type":"Compose","inputs":"@join(body('SelectChallenge1'),';')"}},"runAfter":{},"metadata":{"operationMetadataId":"18c30820-d80b-4118-8c55-23afc8da4fc8"},"type":"Scope","description":"Create a semi colon seperated string of emails i.e. email1;email2;email3"},"ScopeChallenge2-Answer":{"actions":{"SelectChallenge2":{"runAfter":{},"metadata":{"operationMetadataId":"25eb5b1c-770e-47c9-bb34-b58324d1abac"},"type":"Select","inputs":{"from":"@outputs('Compose_Sample_Array')","select":"@addproperty(item(),'full_name', concat(item()?['first_name'],' ',item()?['last_name']))"}}},"runAfter":{"ScopeChallenge1-Answer":["Succeeded"]},"metadata":{"operationMetadataId":"ff9ad6f8-f6a9-4aa5-85f4-c3701caf7afe"},"type":"Scope","description":"Add a new property full_name to existing array by appending first and last name"},"ScopeChallenge3-Answer":{"actions":{"SelectChallenge3":{"runAfter":{},"metadata":{"operationMetadataId":"ea6af60c-2688-400a-92e4-911a3bc6cfa8"},"type":"Select","inputs":{"from":"@outputs('Compose_Sample_Array')","select":"@item()?['age']"}},"ComposeChallenge3":{"runAfter":{"SelectChallenge3":["Succeeded"]},"metadata":{"operationMetadataId":"d312b9ec-7cfe-4410-b692-4398ab0d1ce7"},"type":"Compose","inputs":{"root":{"ages":"@body('SelectChallenge3')"}}},"ComposeChallenge3XML":{"runAfter":{"ComposeChallenge3":["Succeeded"]},"metadata":{"operationMetadataId":"593af3a7-0867-4281-97fd-8afe32472f25"},"type":"Compose","inputs":"@xpath(xml(outputs('ComposeChallenge3')),'sum(/root/ages)')"},"Compose":{"runAfter":{"ComposeChallenge3XML":["Succeeded"]},"metadata":{"operationMetadataId":"36ecdda5-4582-423d-ae9c-cfb43df730fc"},"type":"Compose","inputs":"Min age is @{min(body('SelectChallenge3'))} and max age is @{max(body('SelectChallenge3'))}"}},"runAfter":{"ScopeChallenge2-Answer":["Succeeded"]},"metadata":{"operationMetadataId":"f0653beb-f552-48f7-b5a3-c6a1c01f078e"},"type":"Scope","description":"Sum the ages, retrieve the minimum and maximum age"},"ScopeChallenge4-Answer":{"actions":{"Filter_array_Challenge4_Male":{"runAfter":{},"metadata":{"operationMetadataId":"60fb7122-357d-4ed7-931f-e809bf04a652"},"type":"Query","inputs":{"from":"@outputs('Compose_Sample_Array')","where":"@equals(item()?['gender'], 'Male')"}},"Filter_array_Challenge4_Female":{"runAfter":{"Filter_array_Challenge4_Male":["Succeeded"]},"metadata":{"operationMetadataId":"c30ced8e-d247-4b1e-9958-e1aa2fb24080"},"type":"Query","inputs":{"from":"@outputs('Compose_Sample_Array')","where":"@equals(item()?['gender'], 'Female')"}},"ComposeChallenge4":{"runAfter":{"Filter_array_Challenge4_Female":["Succeeded"]},"metadata":{"operationMetadataId":"de1e58aa-7725-4ff3-ade2-b14a63c3b13f"},"type":"Compose","inputs":"There are @{length(body('Filter_array_Challenge4_Male'))} male and @{length(body('Filter_array_Challenge4_Female'))} female people in the array"}},"runAfter":{"ScopeChallenge3-Answer":["Succeeded"]},"metadata":{"operationMetadataId":"8409a26a-6055-4e6f-8cb8-063d63c29a4c"},"type":"Scope","description":"Summarize the number of male and female people in the array (6 female / 4 male)"},"ScopeChallenge5-Answer":{"actions":{"ComposeFormResponsesChallenge5":{"runAfter":{},"metadata":{"operationMetadataId":"22f111bd-04a2-4673-986c-2694db7cc1ef"},"type":"Compose","inputs":[{"responseid":"40-752-9575","email":"wclery2@smugmug.com","favourite_colour":"Red"},{"responseid":"39-358-1275","email":"lpeddel3@netscape.com","favourite_colour":"Yellow"},{"responseid":"52-420-8696","email":"ccopelli7@imgur.com","favourite_colour":"Blue"},{"responseid":"64-104-6113","email":"aclulow9@sbwire.com","favourite_colour":"Purple"}]},"SelectChallenge5":{"runAfter":{"ComposeFormResponsesChallenge5":["Succeeded"]},"metadata":{"operationMetadataId":"d4c384cc-823f-4ed9-9538-e89af67b0a9f"},"type":"Select","inputs":{"from":"@outputs('ComposeFormResponsesChallenge5')","select":"@item()?['email']"}},"Filter_array_Challenge_5":{"runAfter":{"SelectChallenge5":["Succeeded"]},"metadata":{"operationMetadataId":"393309ef-3b36-44db-85f8-1911d4526434"},"type":"Query","inputs":{"from":"@outputs('Compose_Sample_Array')","where":"@not(contains(body('SelectChallenge5'), item()?['email']))"}}},"runAfter":{"ScopeChallenge4-Answer":["Succeeded"]},"metadata":{"operationMetadataId":"abf2e91e-a3a6-4f17-9acd-ed5d28075dfc"},"type":"Scope","description":"Using the form responses in the compose array, determine who is yet to respond"}},"runAfter":{"ScopeChallenges":["Succeeded"]},"metadata":{"operationMetadataId":"138ea2b4-c6f0-4632-b871-51f2a8ee2a09"},"type":"Scope"}}},"connectionReferences":{},"flowFailureAlertSubscribed":false,"isManaged":false}}