<ImportExportXml xmlns:xsi="http://www.w3.org/2001/XMLSchema-instance">
  <Entities></Entities>
  <Roles></Roles>
  <Workflows>
    <Workflow WorkflowId="{82a426d7-b2db-ed11-a7c6-6045bdd130c7}" Name="Get Daily Rate">
      <JsonFileName>/Workflows/GetDailyRate-82A426D7-B2DB-ED11-A7C6-6045BDD130C7.json</JsonFileName>
      <Type>1</Type>
      <Subprocess>0</Subprocess>
      <Category>5</Category>
      <Mode>0</Mode>
      <Scope>4</Scope>
      <OnDemand>0</OnDemand>
      <TriggerOnCreate>0</TriggerOnCreate>
      <TriggerOnDelete>0</TriggerOnDelete>
      <AsyncAutodelete>0</AsyncAutodelete>
      <SyncWorkflowLogOnFailure>0</SyncWorkflowLogOnFailure>
      <StateCode>1</StateCode>
      <StatusCode>2</StatusCode>
      <RunAs>1</RunAs>
      <IsTransacted>1</IsTransacted>
      <IntroducedVersion>1.0.0.0</IntroducedVersion>
      <IsCustomizable>1</IsCustomizable>
      <BusinessProcessType>0</BusinessProcessType>
      <IsCustomProcessingStepAllowedForOtherPublishers>1</IsCustomProcessingStepAllowedForOtherPublishers>
      <PrimaryEntity>none</PrimaryEntity>
      <LocalizedNames>
        <LocalizedName languagecode="1033" description="Get Daily Rate" />
      </LocalizedNames>
    </Workflow>
  </Workflows>
  <FieldSecurityProfiles></FieldSecurityProfiles>
  <Templates />
  <EntityMaps />
  <EntityRelationships />
  <OrganizationSettings />
  <optionsets />
  <CustomControls />
  <EntityDataProviders />
  <CanvasApps>
    <CanvasApp>
      <Name>db365_octopusenergy_be83b</Name>
      <AppVersion>2023-04-15T18:50:38Z</AppVersion>
      <Status>Ready</Status>
      <CreatedByClientVersion>3.23041.11.0</CreatedByClientVersion>
      <MinClientVersion>3.23041.11.0</MinClientVersion>
      <Tags>{"primaryDeviceWidth":"1366","primaryDeviceHeight":"768","supportsPortrait":"true","supportsLandscape":"true","primaryFormFactor":"Tablet","publisherVersion":"3.23041.11","minimumRequiredApiVersion":"2.2.0","hasComponent":"false","hasUnlockedComponent":"false","isUnifiedRootApp":"false","sienaVersion":"20230415T171507Z-3.23041.11.0"}</Tags>
      <IsCdsUpgraded>0</IsCdsUpgraded>
      <GalleryItemId xsi:nil="true"></GalleryItemId>
      <BackgroundColor>RGBA(0,176,240,1)</BackgroundColor>
      <DisplayName>Octopus Energy</DisplayName>
      <Description xsi:nil="true"></Description>
      <CommitMessage xsi:nil="true"></CommitMessage>
      <Publisher xsi:nil="true"></Publisher>
      <AuthorizationReferences>[]</AuthorizationReferences>
      <ConnectionReferences>{"3468778b-9d4f-45ad-b0c2-6a877255079c":{"id":"/providers/microsoft.powerapps/apis/shared_octopus-20energy-20tracker-20api-5ff5371b243de4-39c4112b0a4e32da","displayName":"Octopus Energy Tracker API","iconUri":"https://prodapiicons.cdn.powerappscdn.net/20230415t000000zd3654f960e8e420e8976307c495b6aa1/customconnectoricon.jpg","dataSources":["OctopusEnergy"],"dependencies":[],"dependents":[],"parameterHints":{},"parameterHintsV2":{},"isOnPremiseConnection":false,"bypassConsent":false,"dataSets":{},"apiTier":"Standard","actions":["GetTrackerPrices"],"customApiLogicalName":"db365_octopus-20energy-20tracker-20api","isCustomApiSolutionAware":true},"aca2f905-fb79-4477-ac83-2ac284f7cda3":{"id":"/providers/microsoft.powerapps/apis/shared_octopus-20energy-5ff5371b243de4656e-5f1c86664f8215fbbc","displayName":"Octopus Energy","iconUri":"https://prodapiicons.cdn.powerappscdn.net/20230415t000000z468b133b5baf47cf98229600d09a235d/customconnectoricon.jpg","dataSources":["OctopusEnergy_1"],"dependencies":[],"dependents":[],"parameterHints":{},"parameterHintsV2":{},"isOnPremiseConnection":false,"bypassConsent":false,"dataSets":{},"apiTier":"Standard","actions":["ElectricityMeterPointConsumption"],"customApiLogicalName":"db365_octopus-20energy","isCustomApiSolutionAware":true}}</ConnectionReferences>
      <DatabaseReferences>{"default.cds":{"databaseDetails":{"referenceType":"Environmental","environmentName":"default.cds","overrideValues":{"status":"NotSpecified"}},"dataSources":{"Environment Variable Definitions":{"entitySetName":"environmentvariabledefinitions","logicalName":"environmentvariabledefinition"}}}}</DatabaseReferences>
      <AppComponents>[]</AppComponents>
      <AppComponentDependencies>[]</AppComponentDependencies>
      <CanConsumeAppPass>1</CanConsumeAppPass>
      <CanvasAppType>0</CanvasAppType>
      <BypassConsent>0</BypassConsent>
      <AdminControlBypassConsent>0</AdminControlBypassConsent>
      <EmbeddedApp xsi:nil="true"></EmbeddedApp>
      <IntroducedVersion>1.0</IntroducedVersion>
      <CdsDependencies>{"cdsdependencies":[{"logicalname":"db365_octopus-20energy-20tracker-20api","componenttype":372,"componenttypeplatformname":"connector"},{"logicalname":"db365_octopus-20energy","componenttype":372,"componenttypeplatformname":"connector"},{"logicalname":"environmentvariabledefinition","componenttype":1}]}</CdsDependencies>
      <IsCustomizable>1</IsCustomizable>
      <BackgroundImageUri>/CanvasApps/db365_octopusenergy_be83b_BackgroundImageUri</BackgroundImageUri>
      <DocumentUri>/CanvasApps/db365_octopusenergy_be83b_DocumentUri.msapp</DocumentUri>
    </CanvasApp>
  </CanvasApps>
  <Connectors>
    <Connector>
      <connectorid>fec9304c-979d-41df-bba5-0f3bf8d88d13</connectorid>
      <description>An Octopus Energy Custom Connector built by DamoBird365</description>
      <displayname>Octopus Energy</displayname>
      <iconbrandcolor>#007ee5</iconbrandcolor>
      <name>db365_octopus-20energy</name>
      <connectortype>1</connectortype>
      <openapidefinition>/Connector/db365_octopus-20energy_openapidefinition.json</openapidefinition>
      <connectionparameters>/Connector/db365_octopus-20energy_connectionparameters.json</connectionparameters>
      <policytemplateinstances>/Connector/db365_octopus-20energy_policytemplateinstances.json</policytemplateinstances>
      <iconblob>/Connector/db365_octopus-20energy_iconblob.Jpeg</iconblob>
    </Connector>
    <Connector>
      <connectorid>85226536-e332-45d5-9869-604e9cd97ba6</connectorid>
      <description>An Octopus Energy Custom Connector built by DamoBird365</description>
      <displayname>Octopus Energy Tracker API</displayname>
      <iconbrandcolor>#007ee5</iconbrandcolor>
      <name>db365_octopus-20energy-20tracker-20api</name>
      <connectortype>1</connectortype>
      <openapidefinition>/Connector/db365_octopus-20energy-20tracker-20api_openapidefinition.json</openapidefinition>
      <connectionparameters>/Connector/db365_octopus-20energy-20tracker-20api_connectionparameters.json</connectionparameters>
      <policytemplateinstances>/Connector/db365_octopus-20energy-20tracker-20api_policytemplateinstances.json</policytemplateinstances>
      <iconblob>/Connector/db365_octopus-20energy-20tracker-20api_iconblob.Jpeg</iconblob>
    </Connector>
  </Connectors>
  <connectionreferences>
    <connectionreference connectionreferencelogicalname="db365_sharedoctopus20energy20tracker20api5ff5371b243de439c4112b0a4e32d_012b2">
      <connectionreferencedisplayname>Octopus Energy Tracker API OctopusEnergy-012b2</connectionreferencedisplayname>
      <connectorid>/providers/Microsoft.PowerApps/apis/shared_octopus-20energy-20tracker-20api-5ff5371b243de4-39c4112b0a4e32da</connectorid>
      <customconnectorid>
        <connectorid>85226536-e332-45d5-9869-604e9cd97ba6</connectorid>
      </customconnectorid>
      <iscustomizable>1</iscustomizable>
      <statecode>0</statecode>
      <statuscode>1</statuscode>
    </connectionreference>
    <connectionreference connectionreferencelogicalname="db365_sharedoctopus20energy5ff5371b243de4656e5f1c86664f8215fbbc_94ad3">
      <connectionreferencedisplayname>Octopus Energy OctopusEnergy-94ad3</connectionreferencedisplayname>
      <connectorid>/providers/Microsoft.PowerApps/apis/shared_octopus-20energy-5ff5371b243de4656e-5f1c86664f8215fbbc</connectorid>
      <customconnectorid>
        <connectorid>fec9304c-979d-41df-bba5-0f3bf8d88d13</connectorid>
      </customconnectorid>
      <iscustomizable>1</iscustomizable>
      <statecode>0</statecode>
      <statuscode>1</statuscode>
    </connectionreference>
  </connectionreferences>
  <Languages>
    <Language>1033</Language>
  </Languages>
</ImportExportXml>