{"name":"e2eaa011-1dc8-465c-8dda-50435fe81455","id":"/providers/Microsoft.Flow/flows/e2eaa011-1dc8-465c-8dda-50435fe81455","type":"Microsoft.Flow/flows","properties":{"apiId":"/providers/Microsoft.PowerApps/apis/shared_logicflows","displayName":"YouTube DamoBird365 Date Time Demo","definition":{"metadata":{"workflowEntityId":null,"processAdvisorMetadata":null,"flowclientsuspensionreason":"None","flowclientsuspensiontime":null,"creator":{"id":"6c646262-4f6f-4bfb-88c7-86b3d1252cac","type":"User","tenantId":"16c901d1-9763-49b1-961c-6cd701f5d0f7"},"provisioningMethod":"FromDefinition","failureAlertSubscription":true,"clientLastModifiedTime":"2022-03-05T10:41:33.645952Z"},"$schema":"https://schema.management.azure.com/providers/Microsoft.Logic/schemas/2016-06-01/workflowdefinition.json#","contentVersion":"1.0.0.0","parameters":{"$authentication":{"defaultValue":{},"type":"SecureObject"}},"triggers":{"manual":{"metadata":{"operationMetadataId":"b9b01d3b-4014-4de9-9fa4-8d29d8630cac"},"type":"Request","kind":"Button","inputs":{"schema":{"type":"object","properties":{},"required":[]}}}},"actions":{"Scope_Completed_Demos":{"actions":{"Compose":{"runAfter":{},"metadata":{"operationMetadataId":"7191fbb3-e141-414e-a73c-e734cbba0ebf"},"type":"Compose","inputs":"27-02-2022"},"ComposeFormatDateTimeString":{"runAfter":{"Compose":["Succeeded"]},"metadata":{"operationMetadataId":"87882a29-2248-4905-8395-62802bf8520a"},"type":"Compose","inputs":"@formatDateTime(parsedatetime(outputs('Compose'),'en-gb'),'yyyy')"},"ComposeFormatDateTime":{"runAfter":{"ComposeFormatDateTimeString":["Succeeded"]},"metadata":{"operationMetadataId":"5a33e1a3-8289-4469-afbc-29afe3fe300b"},"type":"Compose","inputs":"@formatDateTime(utcnow(),'dd-MM-yyyy-hh:mm')"},"ComposeHawaiianTime":{"runAfter":{"ComposeFormatDateTime":["Succeeded"]},"metadata":{"operationMetadataId":"093f18fb-6494-43c1-84e5-88c0e03a10a1"},"type":"Compose","inputs":"@convertTimeZone(utcnow(),'Greenwich Standard Time','Hawaiian Standard Time')"},"ComposeStartOfMonth":{"runAfter":{"ComposeHawaiianTime":["Succeeded"]},"metadata":{"operationMetadataId":"67825983-a8ca-4ab7-bf49-a2e0d3d944cc"},"type":"Compose","inputs":"@startOfMonth(utcnow())"},"ComposeAddNDays":{"runAfter":{"ComposeStartOfMonth":["Succeeded"]},"metadata":{"operationMetadataId":"4e5a49b5-d134-4f2f-9637-b92a4d1375f0"},"type":"Compose","inputs":"@addDays(outputs('ComposeStartOfMonth'),6)"},"ComposeLastDayOfMonth":{"runAfter":{"ComposeAddNDays":["Succeeded"]},"metadata":{"operationMetadataId":"d3c06173-34dd-42b2-95f8-3d0cd4eae0e2"},"type":"Compose","inputs":"@adddays(addtotime(outputs('ComposeStartOfMonth'),1,'Month'),-1)"},"ComposeDateTime1700":{"runAfter":{"ComposeLastDayOfMonth":["Succeeded"]},"metadata":{"operationMetadataId":"f2e6df22-5dee-47c5-90dc-d8e393dd39d5"},"type":"Compose","inputs":"@addhours(outputs('ComposeLastDayOfMonth'),17)"},"SelectNext7Days":{"runAfter":{"ComposeDateTime1700":["Succeeded"]},"metadata":{"operationMetadataId":"ec62d4dd-920d-4424-b507-c6573db99bf6"},"type":"Select","inputs":{"from":"@range(0,7)","select":{"Date":"@addDays(utcnow(),item())","Day":"@addDays(utcnow(),item(),'dddd')"}}},"Filter_array_Specific_Day":{"runAfter":{"SelectNext7Days":["Succeeded"]},"metadata":{"operationMetadataId":"e37ff94d-297b-4db3-869d-8e668c825b27"},"type":"Query","inputs":{"from":"@body('SelectNext7Days')","where":"@equals(item()?['Day'], 'Wednesday')"}},"ComposeNextDayOfWeek":{"runAfter":{"Filter_array_Specific_Day":["Succeeded"]},"metadata":{"operationMetadataId":"8da5a15a-0389-492a-9e11-08f4e3185295"},"type":"Compose","inputs":"@first(body('Filter_array_Specific_Day'))?['Date']"},"ComposeDayOfWeekInteger":{"runAfter":{"ComposeDateTime1700":["Succeeded"]},"metadata":{"operationMetadataId":"fa0b887f-c610-441f-af21-c56bb9bd63dc"},"type":"Compose","inputs":3},"ComposeNextDayOfWeekv2":{"runAfter":{"ComposeDayOfWeekInteger":["Succeeded"]},"metadata":{"operationMetadataId":"80abf829-40ee-417e-b9e9-5e9682f85146"},"type":"Compose","inputs":"@adddays(utcNow(), if(greater(sub(dayofweek(utcNow()), outputs('ComposeDayOfWeekInteger')),0), add(7, sub(outputs('ComposeDayOfWeekInteger'), dayofweek(utcNow()))), int(replace(string(sub(dayofweek(utcNow()), outputs('ComposeDayOfWeekInteger'))), '-', ''))), 'yyyy-MM-dd')"},"Compose10thWOrkingDay":{"runAfter":{"Filter_array_RemoveWeekends":["Succeeded"]},"metadata":{"operationMetadataId":"22c4fc4e-1553-475f-b802-0717382a5a11"},"type":"Compose","inputs":"@body('Filter_array_RemoveWeekends')?[9]?['Date']"},"Filter_array_RemoveWeekends":{"runAfter":{"ComposeWeekends":["Succeeded"]},"metadata":{"operationMetadataId":"bd1761ab-9679-4ec8-911e-012407386bc5"},"type":"Query","inputs":{"from":"@body('Select')","where":"@not(contains(outputs('ComposeWeekends'), item()?['Day']))"}},"ComposeWeekends":{"runAfter":{"Compose3rdFriday":["Succeeded"]},"metadata":{"operationMetadataId":"24a855dd-a6ac-4da5-b08c-6e1243d2bd26"},"type":"Compose","inputs":["Saturday","Sunday"]},"Compose3rdFriday":{"runAfter":{"Compose1stFriday":["Succeeded"]},"metadata":{"operationMetadataId":"af42a8c1-7a22-4a67-859a-ce39ea94bfa4"},"type":"Compose","inputs":"@body('Filter_array')?[2]?['Date']"},"Compose1stFriday":{"runAfter":{"Filter_array":["Succeeded"]},"metadata":{"operationMetadataId":"c85fcb02-2913-4fcf-916c-4ce84468185e"},"type":"Compose","inputs":"@body('Filter_array')?[0]?['Date']"},"Filter_array":{"runAfter":{"Select":["Succeeded"]},"metadata":{"operationMetadataId":"fa8a344a-7a10-4cb8-b6d5-0c211c4f4fe3"},"type":"Query","inputs":{"from":"@body('Select')","where":"@equals(item()?['Day'], 'Friday')"}},"Select":{"runAfter":{"ComposeNextDayOfWeekv2":["Succeeded"],"ComposeNextDayOfWeek":["Succeeded"]},"metadata":{"operationMetadataId":"1cf614b4-f723-4680-b2a9-3535afcbff73"},"type":"Select","inputs":{"from":"@range(0,int(formatDateTime(outputs('ComposeLastDayOfMonth'),'dd')))","select":{"Date":"@addDays(outputs('ComposeStartOfMonth'),item())","DayOfYear":"@dayOfYear(addDays(outputs('ComposeStartOfMonth'),item()))","Day":"@formatDateTime(addDays(outputs('ComposeStartOfMonth'),item()),'dddd')"}}}},"runAfter":{},"metadata":{"operationMetadataId":"1d0d346b-6727-4a81-b395-32106f6c768f"},"type":"Scope"}}},"connectionReferences":{},"flowFailureAlertSubscribed":false}}