{"name":"49ae8c69-899c-464b-a7e0-b4f86f1e2bb6","id":"/providers/Microsoft.Flow/flows/49ae8c69-899c-464b-a7e0-b4f86f1e2bb6","type":"Microsoft.Flow/flows","properties":{"apiId":"/providers/Microsoft.PowerApps/apis/shared_logicflows","displayName":"Solution Attach Multiple Files to Email","definition":{"metadata":{"workflowEntityId":null,"processAdvisorMetadata":null,"flowclientsuspensionreason":"None","flowclientsuspensiontime":null,"creator":{"id":"6c646262-4f6f-4bfb-88c7-86b3d1252cac","type":"User","tenantId":"16c901d1-9763-49b1-961c-6cd701f5d0f7"},"provisioningMethod":"FromDefinition","failureAlertSubscription":true,"clientLastModifiedTime":"2021-11-15T12:51:17.3112242Z"},"$schema":"https://schema.management.azure.com/providers/Microsoft.Logic/schemas/2016-06-01/workflowdefinition.json#","contentVersion":"1.0.0.0","parameters":{"$connections":{"defaultValue":{},"type":"Object"},"$authentication":{"defaultValue":{},"type":"SecureObject"}},"triggers":{"manual":{"metadata":{"operationMetadataId":"2c3d3d65-0e8f-4748-9666-8ab22ac15eaa"},"type":"Request","kind":"Button","inputs":{"schema":{"type":"object","properties":{},"required":[]}}}},"actions":{"Get_files_(properties_only)":{"runAfter":{},"metadata":{"operationMetadataId":"bb1e6d67-d831-42e3-bd24-3e13bf8ec0bb"},"type":"OpenApiConnection","inputs":{"host":{"apiId":"/providers/Microsoft.PowerApps/apis/shared_sharepointonline","connectionName":"shared_sharepointonline","operationId":"GetFileItems"},"parameters":{"dataset":"https://abdndamodev.sharepoint.com/sites/DamoBird365","table":"214cbbd4-7e05-4966-b1ce-a0d155c52cec","folderPath":"/Shared Documents/AccountFiles"},"authentication":{"value":"@json(decodeBase64(triggerOutputs().headers['X-MS-APIM-Tokens']))['$ConnectionKey']","type":"Raw"}}},"Apply_to_each":{"foreach":"@outputs('Get_files_(properties_only)')?['body/value']","actions":{"AttachmentContent":{"runAfter":{"Get_file_content":["Succeeded"]},"metadata":{"operationMetadataId":"665dc159-07ce-462f-b27c-17de4aea1063"},"type":"Compose","inputs":{"Name":"@{items('Apply_to_each')?['{FilenameWithExtension}']}","ContentBytes":"@outputs('Get_file_content')?['body']"}},"Get_file_content":{"runAfter":{},"metadata":{"operationMetadataId":"a304a8cc-deb2-4bbd-8a03-d5e69f71943e"},"type":"OpenApiConnection","inputs":{"host":{"apiId":"/providers/Microsoft.PowerApps/apis/shared_sharepointonline","connectionName":"shared_sharepointonline","operationId":"GetFileContent"},"parameters":{"dataset":"https://abdndamodev.sharepoint.com/sites/DamoBird365","id":"@items('Apply_to_each')?['{Identifier}']","inferContentType":true},"authentication":{"value":"@json(decodeBase64(triggerOutputs().headers['X-MS-APIM-Tokens']))['$ConnectionKey']","type":"Raw"}}}},"runAfter":{"Get_files_(properties_only)":["Succeeded"]},"metadata":{"operationMetadataId":"ac32e409-d854-4a70-96dd-e46d018a6e2c"},"type":"Foreach"},"Send_an_email_(V2)":{"runAfter":{"Array_of_Attachments":["Succeeded"]},"metadata":{"operationMetadataId":"565ee0c6-7174-46c1-86c7-714d9fd617bd"},"type":"OpenApiConnection","inputs":{"host":{"apiId":"/providers/Microsoft.PowerApps/apis/shared_office365","connectionName":"shared_office365","operationId":"SendEmailV2"},"parameters":{"emailMessage/To":"damien@abdndamodev.onmicrosoft.com","emailMessage/Subject":"Here are your files","emailMessage/Body":"<p>Files are attached</p>","emailMessage/Attachments":"@outputs('Array_of_Attachments')"},"authentication":{"value":"@json(decodeBase64(triggerOutputs().headers['X-MS-APIM-Tokens']))['$ConnectionKey']","type":"Raw"}}},"Array_of_Attachments":{"runAfter":{"Apply_to_each":["Succeeded"]},"metadata":{"operationMetadataId":"0bb8cfc8-d7e0-4bb7-92fe-b86164f36cbd"},"type":"Compose","inputs":"@outputs('AttachmentContent')"}}},"connectionReferences":{"shared_sharepointonline":{"connectionName":"64fe180a9817427a81aa7d96a25630de","source":"Invoker","id":"/providers/Microsoft.PowerApps/apis/shared_sharepointonline","tier":"NotSpecified"},"shared_office365":{"connectionName":"shared-office365-2c7a215d-616e-4cc2-9dab-9d05f14c21a5","source":"Invoker","id":"/providers/Microsoft.PowerApps/apis/shared_office365","tier":"NotSpecified"}},"flowFailureAlertSubscribed":false}}