{"name":"f6293dd9-fcf9-4299-9455-f358947c628f","id":"/providers/Microsoft.Flow/flows/f6293dd9-fcf9-4299-9455-f358947c628f","type":"Microsoft.Flow/flows","properties":{"apiId":"/providers/Microsoft.PowerApps/apis/shared_logicflows","displayName":"Remove Keys from Array for Dynamic Table","definition":{"metadata":{"workflowEntityId":null,"processAdvisorMetadata":null,"flowChargedByPaygo":null,"flowclientsuspensionreason":"None","flowclientsuspensiontime":null,"flowclientsuspensionreasondetails":null,"creator":{"id":"6c646262-4f6f-4bfb-88c7-86b3d1252cac","type":"User","tenantId":"16c901d1-9763-49b1-961c-6cd701f5d0f7"},"provisioningMethod":"FromDefinition","failureAlertSubscription":true,"clientLastModifiedTime":"2024-01-09T18:12:34.2497171Z","connectionKeySavedTimeKey":"2024-01-09T18:12:34.2497171Z"},"$schema":"https://schema.management.azure.com/providers/Microsoft.Logic/schemas/2016-06-01/workflowdefinition.json#","contentVersion":"undefined","parameters":{"$authentication":{"defaultValue":{},"type":"SecureObject"},"$connections":{"defaultValue":{},"type":"Object"}},"triggers":{"manual":{"type":"Request","kind":"Button","inputs":{"schema":{"type":"object","properties":{},"required":[]}}}},"actions":{"Compose":{"runAfter":{"FieldsRequired":["Succeeded"]},"type":"Compose","inputs":[{"job_title":"Software Engineer","company":"Tech Innovators Inc.","location":"San Francisco, CA","salary":120000,"education":"Bachelor's degree in Computer Science","experience":"3+ years of experience","skill1":"Java","skill2":"JavaScript","skill3":"SQL","responsibilities":"Develop and maintain software applications","benefit1":"Health insurance","benefit2":"401(k) matching","posted_date":"2024-01-09","deadline":"2024-02-09"},{"job_title":"Marketing Specialist","company":"Global Marketing Solutions","location":"New York, NY","salary":80000,"education":"Bachelor's degree in Marketing","experience":"2+ years of marketing experience","skill1":"Content creation","skill2":"Social media marketing","skill3":"Analytics","responsibilities":"Develop and implement marketing strategies","benefit1":"Health and dental insurance","benefit2":"Paid time off","posted_date":"2024-01-08","deadline":"2024-02-08"},{"job_title":"Financial Analyst","company":"Capital Investments Group","location":"Chicago, IL","salary":90000,"education":"Bachelor's degree in Finance or related field","experience":"3+ years of financial analysis experience","skill1":"Financial modeling","skill2":"Data analysis","skill3":"Excel","responsibilities":"Analyze financial data and trends","benefit1":"Competitive salary","benefit2":"401(k) with employer match","posted_date":"2024-01-07","deadline":"2024-02-07"}]},"Create_HTML_table":{"runAfter":{"Select_Remove_ID":["Succeeded"]},"type":"Table","inputs":{"from":"@body('Select_Remove_ID')","format":"HTML"}},"FieldsRequired":{"runAfter":{},"type":"Compose","inputs":"company,salary"},"Apply_to_each":{"foreach":"@split(outputs('FieldsRequired'),',')","actions":{"Select":{"type":"Select","inputs":{"from":"@variables('Array')","select":"@addProperty(variables('Array')?[item()?['id']],\r\nitems('apply_to_each'),\r\noutputs('Compose')?[item()?['id']]?[items('apply_to_each')])"}},"Set_variable":{"runAfter":{"Select":["Succeeded"]},"type":"SetVariable","inputs":{"name":"Array","value":"@body('Select')"}}},"runAfter":{"Initialize_variable":["Succeeded"]},"type":"Foreach"},"SelectArray":{"runAfter":{"Compose":["Succeeded"]},"type":"Select","inputs":{"from":"@range(0,length(outputs('Compose')))","select":{"ID":"@item()"}}},"Initialize_variable":{"runAfter":{"SelectArray":["Succeeded"]},"type":"InitializeVariable","inputs":{"variables":[{"name":"Array","type":"array","value":"@body('SelectArray')"}]}},"Select_Remove_ID":{"runAfter":{"Apply_to_each":["Succeeded"]},"type":"Select","inputs":{"from":"@variables('Array')","select":"@removeProperty(item(),'ID')"}}}},"connectionReferences":{},"flowFailureAlertSubscribed":false,"isManaged":false}}