{"name":"487e676b-52ab-4cc7-919b-0f11ccf8bcca","id":"/providers/Microsoft.Flow/flows/487e676b-52ab-4cc7-919b-0f11ccf8bcca","type":"Microsoft.Flow/flows","properties":{"apiId":"/providers/Microsoft.PowerApps/apis/shared_logicflows","displayName":"Reset MS Form Solution","definition":{"metadata":{"workflowEntityId":null,"processAdvisorMetadata":null,"flowclientsuspensionreason":"None","flowclientsuspensiontime":null,"creator":{"id":"6c646262-4f6f-4bfb-88c7-86b3d1252cac","type":"User","tenantId":"16c901d1-9763-49b1-961c-6cd701f5d0f7"},"provisioningMethod":"FromDefinition","failureAlertSubscription":true,"clientLastModifiedTime":"2021-09-02T06:49:14.2197929Z"},"$schema":"https://schema.management.azure.com/providers/Microsoft.Logic/schemas/2016-06-01/workflowdefinition.json#","contentVersion":"1.0.0.0","parameters":{"$connections":{"defaultValue":{},"type":"Object"},"$authentication":{"defaultValue":{},"type":"SecureObject"}},"triggers":{"manual":{"type":"Request","kind":"Button","inputs":{"schema":{"type":"object","properties":{},"required":[]}}}},"actions":{"HTTPRequestDeleteFormSubmissions":{"runAfter":{"FormID":["Succeeded"]},"type":"OpenApiConnection","inputs":{"host":{"apiId":"/providers/Microsoft.PowerApps/apis/shared_sharepointonline","connectionName":"shared_sharepointonline","operationId":"HttpRequest"},"parameters":{"dataset":"https://forms.office.com","parameters/method":"DELETE","parameters/uri":"/formapi/api/@{outputs('TenantID')}/users/@{outputs('UserGroupID')}/forms('@{outputs('FormID')}')/responses"},"authentication":{"value":"@json(decodeBase64(triggerOutputs().headers['X-MS-APIM-Tokens']))['$ConnectionKey']","type":"Raw"}}},"FormID":{"runAfter":{"UserGroupID":["Succeeded"]},"type":"Compose","inputs":"0QHJFmOXsUmWHGzXAfXQ92JiZGxvT_tLiMeGs9ElLKxUMUozRlQ3UFZXMjFXNVI4Q1FSOExQVkRVOS4u"},"TenantID":{"runAfter":{},"type":"Compose","inputs":"16c901d1-9763-49b1-961c-6cd701f5d0f7","description":"Obtain your tenant ID from Azure AD"},"UserGroupID":{"runAfter":{"TenantID":["Succeeded"]},"type":"Compose","inputs":"6c646262-4f6f-4bfb-88c7-86b3d1252cac","description":"This is based on where the form is saved, your own environment or that of a group"}}},"connectionReferences":{"shared_sharepointonline":{"connectionName":"64fe180a9817427a81aa7d96a25630de","source":"Invoker","id":"/providers/Microsoft.PowerApps/apis/shared_sharepointonline","tier":"NotSpecified"}},"flowFailureAlertSubscribed":false}}