{"name":"b249579b-502d-4012-964e-d800a9596914","id":"/providers/Microsoft.Flow/flows/b249579b-502d-4012-964e-d800a9596914","type":"Microsoft.Flow/flows","properties":{"apiId":"/providers/Microsoft.PowerApps/apis/shared_logicflows","displayName":"Solution Email Selected Documents","definition":{"metadata":{"workflowEntityId":null,"processAdvisorMetadata":null,"flowclientsuspensionreason":"None","flowclientsuspensiontime":null,"creator":{"id":"6c646262-4f6f-4bfb-88c7-86b3d1252cac","type":"User","tenantId":"16c901d1-9763-49b1-961c-6cd701f5d0f7"},"provisioningMethod":"FromDefinition","failureAlertSubscription":true,"clientLastModifiedTime":"2021-11-20T16:58:42.9559963Z"},"$schema":"https://schema.management.azure.com/providers/Microsoft.Logic/schemas/2016-06-01/workflowdefinition.json#","contentVersion":"1.0.0.0","parameters":{"$connections":{"defaultValue":{},"type":"Object"},"$authentication":{"defaultValue":{},"type":"SecureObject"}},"triggers":{"manual":{"splitOn":"@triggerBody()['rows']","metadata":{"operationMetadataId":"8495cb17-91af-4c6a-b817-627170ca7114"},"type":"Request","kind":"ApiConnection","inputs":{"schema":{"type":"object","properties":{},"required":[]},"host":{"connection":{"name":"@parameters('$connections')['shared_sharepointonline']['connectionId']"},"api":{"runtimeUrl":"https://uk-001.azure-apim.net/apim/sharepointonline"}},"operationId":"ForASelectedFileHybridTrigger","parameters":{"dataset":"https://abdndamodev.sharepoint.com/sites/DamoBird365","table":"7458a9a9-02b9-45b4-a97b-1860196ab72f"}}}},"actions":{"Send_an_email_(V2)":{"runAfter":{"Apply_to_each":["Succeeded"]},"metadata":{"operationMetadataId":"a1c2f85e-16f5-4720-b831-c97e725e009e"},"type":"OpenApiConnection","inputs":{"host":{"apiId":"/providers/Microsoft.PowerApps/apis/shared_office365","connectionName":"shared_office365","operationId":"SendEmailV2"},"parameters":{"emailMessage/To":"damien@abdndamodev.onmicrosoft.com","emailMessage/Subject":"Car Docs Chosen","emailMessage/Body":"<p></p>","emailMessage/Attachments":"@outputs('FileContent')"},"authentication":{"value":"@json(decodeBase64(triggerOutputs().headers['X-MS-APIM-Tokens']))['$ConnectionKey']","type":"Raw"}}},"Get_files_(properties_only)":{"runAfter":{},"metadata":{"operationMetadataId":"88bef2d7-99b9-4ec0-9901-d42f15dfff18"},"type":"OpenApiConnection","inputs":{"host":{"apiId":"/providers/Microsoft.PowerApps/apis/shared_sharepointonline","connectionName":"shared_sharepointonline","operationId":"GetFileItems"},"parameters":{"dataset":"https://abdndamodev.sharepoint.com/sites/DamoBird365","table":"7458a9a9-02b9-45b4-a97b-1860196ab72f","$filter":"Include eq 1"},"authentication":{"value":"@json(decodeBase64(triggerOutputs().headers['X-MS-APIM-Tokens']))['$ConnectionKey']","type":"Raw"}}},"Apply_to_each":{"foreach":"@outputs('Get_files_(properties_only)')?['body/value']","actions":{"Get_file_content":{"runAfter":{},"metadata":{"operationMetadataId":"36a8b073-89e0-423d-8998-510b2fbab094"},"type":"OpenApiConnection","inputs":{"host":{"apiId":"/providers/Microsoft.PowerApps/apis/shared_sharepointonline","connectionName":"shared_sharepointonline","operationId":"GetFileContent"},"parameters":{"dataset":"https://abdndamodev.sharepoint.com/sites/DamoBird365","id":"@items('Apply_to_each')?['{Identifier}']","inferContentType":true},"authentication":{"value":"@json(decodeBase64(triggerOutputs().headers['X-MS-APIM-Tokens']))['$ConnectionKey']","type":"Raw"}}},"Update_file_properties":{"runAfter":{"Get_file_content":["Succeeded"]},"metadata":{"operationMetadataId":"fe0201c5-a658-465f-a738-be95bed554e4"},"type":"OpenApiConnection","inputs":{"host":{"apiId":"/providers/Microsoft.PowerApps/apis/shared_sharepointonline","connectionName":"shared_sharepointonline","operationId":"PatchFileItem"},"parameters":{"dataset":"https://abdndamodev.sharepoint.com/sites/DamoBird365","table":"7458a9a9-02b9-45b4-a97b-1860196ab72f","id":"@items('Apply_to_each')?['ID']","item/Include":false},"authentication":{"value":"@json(decodeBase64(triggerOutputs().headers['X-MS-APIM-Tokens']))['$ConnectionKey']","type":"Raw"}}},"FileContent":{"runAfter":{"Update_file_properties":["Succeeded"]},"metadata":{"operationMetadataId":"6fa1b808-b681-44aa-b784-a8eb65540613"},"type":"Compose","inputs":{"Name":"@{outputs('Update_file_properties')?['body/{FilenameWithExtension}']}","ContentBytes":"@body('Get_file_content')"}}},"runAfter":{"Get_files_(properties_only)":["Succeeded"]},"metadata":{"operationMetadataId":"c668b826-e072-446a-aa43-57d8a3756307"},"type":"Foreach","runtimeConfiguration":{"concurrency":{"repetitions":50}}}}},"connectionReferences":{"shared_sharepointonline":{"connectionName":"64fe180a9817427a81aa7d96a25630de","source":"Invoker","id":"/providers/Microsoft.PowerApps/apis/shared_sharepointonline","tier":"NotSpecified"},"shared_office365":{"connectionName":"shared-office365-2c7a215d-616e-4cc2-9dab-9d05f14c21a5","source":"Invoker","id":"/providers/Microsoft.PowerApps/apis/shared_office365","tier":"NotSpecified"}},"flowFailureAlertSubscribed":false}}