{"name":"c0393fa5-d855-4ee4-b9c1-3e262e172ee8","id":"/providers/Microsoft.Flow/flows/c0393fa5-d855-4ee4-b9c1-3e262e172ee8","type":"Microsoft.Flow/flows","properties":{"apiId":"/providers/Microsoft.PowerApps/apis/shared_logicflows","displayName":"Solution Daily StandUp","definition":{"metadata":{"workflowEntityId":null,"processAdvisorMetadata":null,"flowclientsuspensionreason":"None","flowclientsuspensiontime":null,"creator":{"id":"6c646262-4f6f-4bfb-88c7-86b3d1252cac","type":"User","tenantId":"16c901d1-9763-49b1-961c-6cd701f5d0f7"},"provisioningMethod":"FromDefinition","failureAlertSubscription":true,"clientLastModifiedTime":"2021-10-30T09:24:58.0375139Z"},"$schema":"https://schema.management.azure.com/providers/Microsoft.Logic/schemas/2016-06-01/workflowdefinition.json#","contentVersion":"1.0.0.0","parameters":{"$connections":{"defaultValue":{},"type":"Object"},"$authentication":{"defaultValue":{},"type":"SecureObject"}},"triggers":{"Recurrence":{"recurrence":{"frequency":"Day","interval":1,"timeZone":"GMT Standard Time","startTime":"2021-10-15T00:00:00Z","schedule":{"hours":["8"],"minutes":[45]}},"type":"Recurrence"}},"actions":{"ListOfEmails":{"runAfter":{"Get_event_(V3)":["Succeeded"]},"type":"Compose","inputs":"@split(concat(outputs('Get_event_(V3)')?['body/requiredAttendees'],outputs('Get_event_(V3)')?['body/Organizer']),';')","description":"split(concat(outputs('Get_event_(V3)')?['body/requiredAttendees'],outputs('Get_event_(V3)')?['body/Organizer']),';')"},"Apply_to_each":{"foreach":"@outputs('ListOfEmails')","actions":{"Post_adaptive_card_and_wait_for_a_response":{"runAfter":{},"limit":{"timeout":"PT1M"},"type":"OpenApiConnectionWebhook","inputs":{"host":{"apiId":"/providers/Microsoft.PowerApps/apis/shared_teams","connectionName":"shared_teams_1","operationId":"PostCardAndWaitForResponse"},"parameters":{"poster":"Flow bot","location":"Chat with Flow bot","body/body/messageBody":"{\n    \"$schema\": \"http://adaptivecards.io/schemas/adaptive-card.json\",\n    \"type\": \"AdaptiveCard\",\n    \"version\": \"1.2\",\n    \"body\": [\n        {\n            \"type\": \"TextBlock\",\n            \"size\": \"medium\",\n            \"weight\": \"bolder\",\n            \"horizontalAlignment\": \"center\",\n            \"wrap\": true,\n            \"text\": \"Daily StandUp - @{formatDateTime(utcnow(),'dd MMMM yyyy')}\"\n        },\n        {\n            \"type\": \"TextBlock\",\n            \"text\": \"Yesterday\",\n            \"wrap\": true\n        },\n        {\n            \"type\": \"Input.Text\",\n            \"style\": \"text\",\n            \"id\": \"Yesterday\",\n            \"isMultiline\": true\n        },\n        {\n            \"type\": \"TextBlock\",\n            \"text\": \"Today\",\n            \"wrap\": true\n        },\n        {\n            \"type\": \"Input.Text\",\n            \"style\": \"Url\",\n            \"id\": \"Today\",\n            \"isMultiline\": true\n        },\n        {\n            \"type\": \"TextBlock\",\n            \"text\": \"Blockers (if any)\",\n            \"wrap\": true\n        },\n        {\n            \"type\": \"Input.Text\",\n            \"style\": \"Email\",\n            \"id\": \"Blockers\",\n            \"isMultiline\": true\n        },\n        {\n            \"type\": \"ActionSet\",\n            \"actions\": [\n                {\n                    \"type\": \"Action.Submit\",\n                    \"title\": \"Send Response\"\n                }\n            ]\n        }\n    ]\n}","body/body/updateMessage":"@{formatDateTime(utcnow(),'dd MMMM yyyy')} StandUp Notes Sent","body/body/recipient/to":"@{item()};"},"authentication":"@parameters('$authentication')"}},"UserResponse":{"runAfter":{"FallBackNoResponse":["Succeeded"]},"type":"Compose","inputs":"@coalesce(outputs('Post_adaptive_card_and_wait_for_a_response')?['body'],outputs('FallBackNoResponse'))","description":"coalesce(outputs('Post_adaptive_card_and_wait_for_a_response')?['body'],outputs('FallBackNoResponse'))"},"FallBackNoResponse":{"runAfter":{"Post_adaptive_card_and_wait_for_a_response":["Succeeded","TimedOut"]},"type":"Compose","inputs":{"responder":{"displayName":"@{item()}"},"data":{"Yesterday":"No Response","Today":"No Response","Blockers":"No Response"}}}},"runAfter":{"ListOfEmails":["Succeeded"]},"type":"Foreach","runtimeConfiguration":{"concurrency":{"repetitions":20}}},"UserResponses":{"runAfter":{"Apply_to_each":["Succeeded","Failed"]},"type":"Compose","inputs":"@outputs('UserResponse')","description":"outputs('UserResponse')"},"Select":{"runAfter":{"UserResponses":["Succeeded"]},"type":"Select","inputs":{"from":"@outputs('UserResponses')","select":{"User":"@item()?['Responder/DisplayName']","Yesterday":"@if(empty(item()?['data/Yesterday']),'N/A',replace(item()?['data/Yesterday'],decodeUriComponent('%0A'),decodeUriComponent('%0A%0A')))","Today":"@if(empty(item()?['data/Today']),'N/A',replace(item()?['data/Today'],decodeUriComponent('%0A'),decodeUriComponent('%0A%0A')))","Blockers":"@if(empty(item()?['data/Blockers']),'N/A',replace(item()?['data/Blockers'],decodeUriComponent('%0A'),decodeUriComponent('%0A%0A')))"}},"description":"User:  item()?['Responder/DisplayName'] Yesterday: if(empty(item()?['data/Yesterday']),'N/A',replace(item()?['data/Yesterday'],decodeUriComponent('%0A'),decodeUriComponent('%0A%0A')))"},"Create_HTML_table":{"runAfter":{"Select":["Succeeded"]},"type":"Table","inputs":{"from":"@body('Select')","format":"HTML"}},"Post_message_in_a_chat_or_channel":{"runAfter":{"Apply_to_each_Create_Items":["Succeeded"]},"type":"OpenApiConnection","inputs":{"host":{"apiId":"/providers/Microsoft.PowerApps/apis/shared_teams","connectionName":"shared_teams_1","operationId":"PostMessageToConversation"},"parameters":{"poster":"User","location":"Group chat","body/recipient":"19:meeting_NjVmYWNlN2ItYmQ5ZS00NzI1LTkwYzctOTUwNmM4OTg0Yzcx@thread.v2","body/messageBody":"</b><h1>@{formatDateTime(utcnow(),'dd MMMM yyyy')} - pre StandUp Summary</h1></b>\n<br>\n@{body('Create_HTML_table')}"},"authentication":"@parameters('$authentication')"}},"Get_event_(V3)":{"runAfter":{"Condition":["Succeeded"]},"type":"OpenApiConnection","inputs":{"host":{"apiId":"/providers/Microsoft.PowerApps/apis/shared_office365","connectionName":"shared_office365","operationId":"V3CalendarGetItem"},"parameters":{"table":"AAMkAGQ1ZWE5ZDM3LTUwYjMtNDc3My1hNjg4LWM2OGYyNDc2ODYzYgBGAAAAAADLaVhl5CSbSbS-fIP7bL85BwD6kaDCBqwES6cAUZ3KQKTwAAAAAAEGAAD6kaDCBqwES6cAUZ3KQKTwAABxzr8gAAA=","id":"AAMkAGQ1ZWE5ZDM3LTUwYjMtNDc3My1hNjg4LWM2OGYyNDc2ODYzYgFRAAgI2ZpvDQNAAEYAAAAAy2lYZeQkm0m0v3yD_2y-OQcA_pGgwgasBEunAFGdykCk8AAAAAABDQAA_pGgwgasBEunAFGdykCk8AACeWPdOQAAEA%3D%3D"},"authentication":"@parameters('$authentication')"}},"Apply_to_each_Create_Items":{"foreach":"@body('Select')","actions":{"Create_item":{"runAfter":{},"type":"OpenApiConnection","inputs":{"host":{"apiId":"/providers/Microsoft.PowerApps/apis/shared_sharepointonline","connectionName":"shared_sharepointonline","operationId":"PostItem"},"parameters":{"dataset":"https://abdndamodev.sharepoint.com/sites/DamoBird365","table":"a9d0eeb0-278c-4c16-8f09-c2f35cfa9bc4","item/Title":"@item()?['User']","item/Yesterday":"@item()?['Yesterday']","item/Today":"@item()?['Today']","item/Blockers":"@item()?['Blockers']"},"authentication":"@parameters('$authentication')"}}},"runAfter":{"Create_HTML_table":["Succeeded"]},"type":"Foreach"},"Condition":{"actions":{"Terminate":{"runAfter":{},"type":"Terminate","inputs":{"runStatus":"Succeeded"}}},"runAfter":{},"else":{"actions":{"Compose":{"runAfter":{},"type":"Compose","inputs":"@dayOfWeek(utcnow())"}}},"expression":{"and":[{"equals":["@dayOfWeek(utcnow())",0]},{"equals":["@dayOfWeek(utcnow())",6]}]},"type":"If"}}},"connectionReferences":{"shared_teams_1":{"connectionName":"shared-teams-f41b4e3d-0b06-40c0-ae62-0ff8ebe47571","source":"Embedded","id":"/providers/Microsoft.PowerApps/apis/shared_teams","tier":"NotSpecified"},"shared_office365":{"connectionName":"shared-office365-2c7a215d-616e-4cc2-9dab-9d05f14c21a5","source":"Embedded","id":"/providers/Microsoft.PowerApps/apis/shared_office365","tier":"NotSpecified"},"shared_sharepointonline":{"connectionName":"64fe180a9817427a81aa7d96a25630de","source":"Embedded","id":"/providers/Microsoft.PowerApps/apis/shared_sharepointonline","tier":"NotSpecified"}},"flowFailureAlertSubscribed":false}}