{"name":"a5e1ea4e-5c82-44ea-a323-36a778a0f855","id":"/providers/Microsoft.Flow/flows/a5e1ea4e-5c82-44ea-a323-36a778a0f855","type":"Microsoft.Flow/flows","properties":{"apiId":"/providers/Microsoft.PowerApps/apis/shared_logicflows","displayName":"Dynamic Doc Demo","definition":{"metadata":{"workflowEntityId":null,"processAdvisorMetadata":null,"flowclientsuspensionreason":"None","flowclientsuspensiontime":null,"flowclientsuspensionreasondetails":null,"creator":{"id":"6c646262-4f6f-4bfb-88c7-86b3d1252cac","type":"User","tenantId":"16c901d1-9763-49b1-961c-6cd701f5d0f7"},"provisioningMethod":"FromDefinition","failureAlertSubscription":true,"clientLastModifiedTime":"2023-01-28T11:37:36.5133943Z"},"$schema":"https://schema.management.azure.com/providers/Microsoft.Logic/schemas/2016-06-01/workflowdefinition.json#","contentVersion":"1.0.0.0","parameters":{"$connections":{"defaultValue":{},"type":"Object"},"$authentication":{"defaultValue":{},"type":"SecureObject"}},"triggers":{"When_a_new_response_is_submitted":{"splitOn":"@triggerOutputs()?['body/value']","metadata":{"operationMetadataId":"bbfa3439-5dc0-411c-a5f9-931e4125d84d"},"type":"OpenApiConnectionWebhook","inputs":{"host":{"apiId":"/providers/Microsoft.PowerApps/apis/shared_microsoftforms","connectionName":"shared_microsoftforms","operationId":"CreateFormWebhook"},"parameters":{"form_id":"0QHJFmOXsUmWHGzXAfXQ92JiZGxvT_tLiMeGs9ElLKxUMDFVWFBONjFHR1lCSVo1WEc3OTg0UDQwMS4u"},"authentication":"@parameters('$authentication')"}}},"actions":{"Get_response_details":{"runAfter":{},"metadata":{"operationMetadataId":"176ca073-f2e2-4f36-91f7-9e3e8de7aa65"},"type":"OpenApiConnection","inputs":{"host":{"apiId":"/providers/Microsoft.PowerApps/apis/shared_microsoftforms","connectionName":"shared_microsoftforms","operationId":"GetFormResponseById"},"parameters":{"form_id":"0QHJFmOXsUmWHGzXAfXQ92JiZGxvT_tLiMeGs9ElLKxUMDFVWFBONjFHR1lCSVo1WEc3OTg0UDQwMS4u","response_id":"@triggerOutputs()?['body/resourceData/responseId']"},"authentication":"@parameters('$authentication')"}},"Compose":{"runAfter":{"Get_response_details":["Succeeded"]},"metadata":{"operationMetadataId":"9f74bd54-8906-4a36-b315-00e29b55960e"},"type":"Compose","inputs":[{"SectionName":"Purpose","Included":"@outputs('Get_response_details')?['body/r544752601c504047b5284332258709b5']"},{"SectionName":"Amount","Included":"@outputs('Get_response_details')?['body/rc37aebd479c343d2a74851e308366c4a']"},{"SectionName":"Earnings","Included":"@outputs('Get_response_details')?['body/r52f705694650413cacf04c0cc062406b']"},{"SectionName":"Spending","Included":"@outputs('Get_response_details')?['body/re2c2c4e0f78d4c26986f1130dd9d2e03']"},{"SectionName":"Savings","Included":"@outputs('Get_response_details')?['body/r6eb5f33174724b31b29300c643e40ba2']"},{"SectionName":"Regular","Included":"@outputs('Get_response_details')?['body/r62a69b892cad44a1bdf5ae6c114cda64']"}]},"ComposeVariableData":{"runAfter":{"Compose":["Succeeded"]},"metadata":{"operationMetadataId":"1712d51a-b396-4d24-ae11-a3f3d3dc9ce1"},"type":"Compose","inputs":{"Amount":"@outputs('Get_response_details')?['body/r4a643c3d6c9e40f4badb38218ae118c7']","Pay Period":"@outputs('Get_response_details')?['body/r29056e19c1b24f2383ffa726a9048fb2']","PercentageToSave":"@outputs('Get_response_details')?['body/r35ae4e8eeb554b3983447667b908c25d']","RegularTasks":"@join(json(outputs('Get_response_details')?['body/ree0585d3f5d94a418c8b920535a705f0']),', ')"}},"Filter_array":{"runAfter":{"ComposeVariableData":["Succeeded"]},"metadata":{"operationMetadataId":"9e645f39-5abf-4d46-ac06-9fda54d9cb7d"},"type":"Query","inputs":{"from":"@outputs('Compose')","where":"@equals(item()?['included'], 'Yes')"}},"Select":{"runAfter":{"Filter_array":["Succeeded"]},"metadata":{"operationMetadataId":"73a06f07-3425-4664-a64d-f1f7d49db5f8"},"type":"Select","inputs":{"from":"@body('Filter_array')","select":"@item()?['sectionname']"}},"Get_items":{"runAfter":{"Select":["Succeeded"]},"metadata":{"operationMetadataId":"9ac1e99b-d718-4886-999f-d9667eb4012e"},"type":"OpenApiConnection","inputs":{"host":{"apiId":"/providers/Microsoft.PowerApps/apis/shared_sharepointonline","connectionName":"shared_sharepointonline","operationId":"GetItems"},"parameters":{"dataset":"https://abdndamodev.sharepoint.com/sites/DynamicDocs","table":"eb5c6046-d02d-4f84-83b2-11d3d76c124e","folderPath":"/"},"authentication":"@parameters('$authentication')"}},"SelectFromSharePointList":{"runAfter":{"Get_items":["Succeeded"]},"metadata":{"operationMetadataId":"6c2a2ea1-673b-4a60-8b5b-2c15e9f36f12"},"type":"Select","inputs":{"from":"@outputs('Get_items')?['body/value']","select":{"Title":"@item()?['Title']","Content":"@item()?['Content']"}}},"Filter_array_Selected_Sections":{"runAfter":{"SelectFromSharePointList":["Succeeded"]},"metadata":{"operationMetadataId":"2c22b016-3326-4475-81a0-4d8624e8723b"},"type":"Query","inputs":{"from":"@body('SelectFromSharePointList')","where":"@contains(body('Select'), item()?['Title'])"}},"Compose_Return_Line":{"runAfter":{"Filter_array_Selected_Sections":["Succeeded"]},"metadata":{"operationMetadataId":"3d0fcfc9-85e8-4b73-a3f2-76b0ced4137d"},"type":"Compose","inputs":"\n"},"Compose_Return_Line_x2":{"runAfter":{"Compose_Return_Line":["Succeeded"]},"metadata":{"operationMetadataId":"90e48f6e-2099-4cda-a923-f7d6e80c8e4e"},"type":"Compose","inputs":"\n\n"},"Select_Formatted_Data":{"runAfter":{"Compose_Return_Line_x2":["Succeeded"]},"metadata":{"operationMetadataId":"6f0946d4-fa45-41e3-9d80-295603000efb"},"type":"Select","inputs":{"from":"@body('Filter_array_Selected_Sections')","select":"@concat(item()?['title'],outputs('Compose_Return_Line'),item()?['content'])"}},"Compose_Join_Sections":{"runAfter":{"Select_Formatted_Data":["Succeeded"]},"metadata":{"operationMetadataId":"8961d4b5-a93b-4734-ac3a-27c8b63f253d"},"type":"Compose","inputs":"@join(body('Select_Formatted_Data'),outputs('Compose_Return_Line_x2'))"},"Select_Split_On_delimiter":{"runAfter":{"Compose_Join_Sections":["Succeeded"]},"metadata":{"operationMetadataId":"3ae08c15-21df-4cd8-915f-cb8c3c0e5ff3"},"type":"Select","inputs":{"from":"@split(outputs('Compose_Join_Sections'),'||')","select":"@coalesce(outputs('ComposeVariableData')?[item()],item())"}},"Compose_Joined_String_with_Dynamic_Data":{"runAfter":{"Select_Split_On_delimiter":["Succeeded"]},"metadata":{"operationMetadataId":"63ad71fc-5bb5-40a3-a98e-b43b8594e498"},"type":"Compose","inputs":"@join(body('Select_Split_On_delimiter'),'')"},"Select_Word_Option_2":{"runAfter":{"Compose_Joined_String_with_Dynamic_Data":["Succeeded"]},"metadata":{"operationMetadataId":"d6b38d7f-a361-4c8e-8b50-e91c5683904c"},"type":"Select","inputs":{"from":"@split(outputs('Compose_Joined_String_with_Dynamic_Data'),outputs('Compose_Return_Line_x2'))","select":{"Title":"@split(item(),outputs('Compose_Return_Line'))?[0]","Content":"@join(skip(split(item(),outputs('Compose_Return_Line')),1),outputs('Compose_Return_Line'))"}}},"Populate_a_Microsoft_Word_template":{"runAfter":{"Select_Word_Option_2":["Succeeded"]},"metadata":{"01N5J5R6N4MB6ARQWLYZG27PD6V6KAOYVC":"/TemplateWithDynamicContent.docx","operationMetadataId":"8d4a874a-f38f-430c-b15a-1d665777fdf5"},"type":"OpenApiConnection","inputs":{"host":{"apiId":"/providers/Microsoft.PowerApps/apis/shared_wordonlinebusiness","connectionName":"shared_wordonlinebusiness","operationId":"CreateFileItem"},"parameters":{"source":"groups/6c49d2fd-a4fa-4392-b2f4-24ebed34e01a","drive":"b!fOoXJxGHB0GQ2AbEv6h1xhyE3vE5_ydEhtQ1rgiKgCZPIlRDmKcdSaNwDBgIl6E6","file":"01N5J5R6N4MB6ARQWLYZG27PD6V6KAOYVC","dynamicFileSchema/-1653519789":"@outputs('Compose_Joined_String_with_Dynamic_Data')","dynamicFileSchema/-849870498":"@body('Select_Word_Option_2')"},"authentication":"@parameters('$authentication')"}},"Create_file":{"runAfter":{"Populate_a_Microsoft_Word_template":["Succeeded"]},"metadata":{"operationMetadataId":"a594ed68-cfb7-40a6-a681-e0e35b17509e"},"type":"OpenApiConnection","inputs":{"host":{"apiId":"/providers/Microsoft.PowerApps/apis/shared_sharepointonline","connectionName":"shared_sharepointonline","operationId":"CreateFile"},"parameters":{"dataset":"https://abdndamodev.sharepoint.com/sites/DynamicDocs","folderPath":"/Shared Documents","name":"@{guid()}.docx","body":"@body('Populate_a_Microsoft_Word_template')"},"authentication":"@parameters('$authentication')"},"runtimeConfiguration":{"contentTransfer":{"transferMode":"Chunked"}}}}},"connectionReferences":{"shared_microsoftforms":{"connectionName":"shared-microsoftform-612f618d-6722-4233-96e1-2c35-80c07446","source":"Embedded","id":"/providers/Microsoft.PowerApps/apis/shared_microsoftforms","tier":"NotSpecified"},"shared_sharepointonline":{"connectionName":"shared-sharepointonl-080b778d-8a01-4829-a994-7c85bbd4a6d8","source":"Embedded","id":"/providers/Microsoft.PowerApps/apis/shared_sharepointonline","tier":"NotSpecified"},"shared_wordonlinebusiness":{"connectionName":"shared-wordonlinebus-68bbee2a-71a3-4952-a6a2-c657c7249778","source":"Embedded","id":"/providers/Microsoft.PowerApps/apis/shared_wordonlinebusiness","tier":"NotSpecified"}},"flowFailureAlertSubscribed":false,"isManaged":false}}