{"name":"3f2675bd-4ac8-4de8-960b-18cc4696282e","id":"/providers/Microsoft.Flow/flows/3f2675bd-4ac8-4de8-960b-18cc4696282e","type":"Microsoft.Flow/flows","properties":{"apiId":"/providers/Microsoft.PowerApps/apis/shared_logicflows","displayName":"Button -> Compose,Select,Compose Distinct Names","definition":{"metadata":{"workflowEntityId":null,"processAdvisorMetadata":null,"flowclientsuspensionreason":"None","flowclientsuspensiontime":null,"creator":{"id":"6c646262-4f6f-4bfb-88c7-86b3d1252cac","type":"User","tenantId":"16c901d1-9763-49b1-961c-6cd701f5d0f7"},"provisioningMethod":"FromDefinition","failureAlertSubscription":true,"clientLastModifiedTime":"2022-04-20T20:09:52.4468081Z"},"$schema":"https://schema.management.azure.com/providers/Microsoft.Logic/schemas/2016-06-01/workflowdefinition.json#","contentVersion":"1.0.0.0","parameters":{"$connections":{"defaultValue":{},"type":"Object"},"$authentication":{"defaultValue":{},"type":"SecureObject"}},"triggers":{"manual":{"metadata":{"operationMetadataId":"432b997e-6420-415a-8981-ef1442b64c26"},"type":"Request","kind":"Button","inputs":{"schema":{"type":"object","properties":{},"required":[]}}}},"actions":{"Compose":{"runAfter":{},"metadata":{"operationMetadataId":"10ca948f-3048-4aa7-88ce-595abdc00175"},"type":"Compose","inputs":[{"Date Expense":"04/02/2022","Name Employee":"John Doe","Amount Euro":"€122"},{"Date Expense":"04/05/2022","Name Employee":"John Doe","Amount Euro":"€55"},{"Date Expense":"04/08/2022","Name Employee":"Pete Free","Amount Euro":"€88"},{"Date Expense":"04/10/2022","Name Employee":"John Doe","Amount Euro":"€100"}]},"Select":{"runAfter":{"Compose":["Succeeded"]},"metadata":{"operationMetadataId":"2b8f596e-c835-4fb1-8ee6-12b1f884eb8d"},"type":"Select","inputs":{"from":"@outputs('Compose')","select":"@item()?['Name Employee']"},"description":"item()?['Name Employee']"},"Compose_Distinct_Names":{"runAfter":{"Select":["Succeeded"]},"metadata":{"operationMetadataId":"2e7ed684-d143-4029-8e9d-3a5b126a083a"},"type":"Compose","inputs":"@union(body('Select'),body('Select'))","description":"union(body('Select'),body('Select'))"},"Apply_to_each":{"foreach":"@outputs('Compose_Distinct_Names')","actions":{"Filter_array":{"runAfter":{},"metadata":{"operationMetadataId":"88cc908f-2089-4b7c-b3c4-255e06664805"},"type":"Query","inputs":{"from":"@outputs('Compose')","where":"@equals(items('Apply_to_each'), item()?['Name employee'])"},"description":"Current item equals item()?['Name employee']"},"Create_HTML_table":{"runAfter":{"Filter_array":["Succeeded"]},"metadata":{"operationMetadataId":"7906902b-81f0-4273-8039-f50f71459cee"},"type":"Table","inputs":{"from":"@body('Filter_array')","format":"HTML"}},"Compose_Root":{"runAfter":{"Select_Values_from_Filter":["Succeeded"]},"metadata":{"operationMetadataId":"bae6bb45-1cd1-4997-8cd7-59f6084a3475"},"type":"Compose","inputs":{"root":{"Amount":"@body('Select_Values_from_Filter')"}}},"Compose_XML":{"runAfter":{"Compose_Root":["Succeeded"]},"metadata":{"operationMetadataId":"6b3ab139-a5f9-476f-85c4-3c7a9615895a"},"type":"Compose","inputs":"@xml(outputs('Compose_Root'))","description":"xml(outputs('Compose_Root'))"},"Compose_SUM":{"runAfter":{"Compose_XML":["Succeeded"]},"metadata":{"operationMetadataId":"2bcd4b68-5441-4579-81a6-353e2ece87c0"},"type":"Compose","inputs":"@xpath(outputs('Compose_XML'),'sum(//root/Amount)')","description":"xpath(outputs('Compose_XML'),'sum(//root/Amount)')"},"Select_Values_from_Filter":{"runAfter":{"Create_HTML_table":["Succeeded"]},"metadata":{"operationMetadataId":"dcfa68a8-88c6-400f-8b72-c58f8d9e11a7"},"type":"Select","inputs":{"from":"@body('Filter_array')","select":"@replace(item()?['Amount Euro'],'€','')"},"description":"replace(item()?['Amount Euro'],'€','')"},"ComposeHTMLTableANDSum":{"runAfter":{"Compose_SUM":["Succeeded"]},"metadata":{"operationMetadataId":"b1beffa1-1c99-4b65-90f3-bce2df8f14ce"},"type":"Compose","inputs":"@{body('Create_HTML_table')}\nTotal €: @{outputs('Compose_SUM')}"}},"runAfter":{"Compose_Distinct_Names":["Succeeded"]},"metadata":{"operationMetadataId":"f9d8dcf3-730f-457d-b90c-dc51bd46b90c"},"type":"Foreach"},"Compose_Array_Of_TablesNSums":{"runAfter":{"Apply_to_each":["Succeeded"]},"metadata":{"operationMetadataId":"bb6b4d32-63bd-4fc6-8bfb-5007da4862e4"},"type":"Compose","inputs":"@outputs('ComposeHTMLTableANDSum')","description":"outputs('ComposeHTMLTableANDSum')"},"Compose_AllTables":{"runAfter":{"Compose_Return_And_Dashes":["Succeeded"]},"metadata":{"operationMetadataId":"8779adcb-b408-43c5-ae2a-c71882912cfa"},"type":"Compose","inputs":"@join(outputs('Compose_Array_Of_TablesNSums'),outputs('Compose_Return_And_Dashes'))","description":"join(outputs('Compose_Array_Of_TablesNSums'),outputs('Compose_Return_And_Dashes'))"},"Compose_Return_And_Dashes":{"runAfter":{"Compose_Array_Of_TablesNSums":["Succeeded"]},"metadata":{"operationMetadataId":"ec4e826a-bb93-4daa-b644-0b8b1add82af"},"type":"Compose","inputs":"<br>\n--------------------------------------------\n<br>"},"Send_an_email_(V2)":{"runAfter":{"Compose_AllTables":["Succeeded"]},"metadata":{"operationMetadataId":"b4eef3ff-8832-4d3c-84e0-84b0c3cf4948"},"type":"OpenApiConnection","inputs":{"host":{"apiId":"/providers/Microsoft.PowerApps/apis/shared_office365","connectionName":"shared_office365","operationId":"SendEmailV2"},"parameters":{"emailMessage/To":"damien@abdndamodev.onmicrosoft.com","emailMessage/Subject":"Test","emailMessage/Body":"@outputs('Compose_AllTables')"},"authentication":{"value":"@json(decodeBase64(triggerOutputs().headers['X-MS-APIM-Tokens']))['$ConnectionKey']","type":"Raw"}}}}},"connectionReferences":{"shared_office365":{"connectionName":"shared-office365-2c7a215d-616e-4cc2-9dab-9d05f14c21a5","source":"Invoker","id":"/providers/Microsoft.PowerApps/apis/shared_office365","tier":"NotSpecified"}},"flowFailureAlertSubscribed":false,"isManaged":false}}