{"name":"79686bfa-71ef-4bce-8ff2-8c1acd8e36aa","id":"/providers/Microsoft.Flow/flows/79686bfa-71ef-4bce-8ff2-8c1acd8e36aa","type":"Microsoft.Flow/flows","properties":{"apiId":"/providers/Microsoft.PowerApps/apis/shared_logicflows","displayName":"Upcoming Azure AD App Client Secret Expiry","definition":{"metadata":{"workflowEntityId":null,"processAdvisorMetadata":null,"flowChargedByPaygo":null,"flowclientsuspensionreason":"None","flowclientsuspensiontime":null,"flowclientsuspensionreasondetails":null,"creator":{"id":"6c646262-4f6f-4bfb-88c7-86b3d1252cac","type":"User","tenantId":"16c901d1-9763-49b1-961c-6cd701f5d0f7"},"provisioningMethod":"FromDefinition","failureAlertSubscription":true,"clientLastModifiedTime":"2023-08-31T11:11:36.3543539Z"},"$schema":"https://schema.management.azure.com/providers/Microsoft.Logic/schemas/2016-06-01/workflowdefinition.json#","contentVersion":"1.0.0.0","parameters":{"$authentication":{"defaultValue":{},"type":"SecureObject"}},"triggers":{"manual":{"metadata":{"operationMetadataId":"fa7e84ad-7249-4e89-ac00-ef35e38d5c5e"},"type":"Request","kind":"Button","inputs":{"schema":{"type":"object","properties":{},"required":[]}}}},"actions":{"Initialize_variable_URI":{"runAfter":{"HTTP":["Succeeded"]},"metadata":{"operationMetadataId":"a5a96368-aead-4c68-8145-27e08b621445"},"type":"InitializeVariable","inputs":{"variables":[{"name":"varURI","type":"string","value":"https://graph.microsoft.com/v1.0/applications?$select=id,appId,displayName,passwordCredentials,keyCredentials&$top=10"}]}},"Initialize_variable_Response":{"runAfter":{"Initialize_variable_URI":["Succeeded"]},"metadata":{"operationMetadataId":"c3d9ac35-08b5-4543-83dc-51b514230e22"},"type":"InitializeVariable","inputs":{"variables":[{"name":"varResponse","type":"array","value":[]}]}},"Compose":{"runAfter":{"Apply_to_each":["Succeeded"]},"metadata":{"operationMetadataId":"9e542124-1b9a-45b6-80eb-5dbe918b085f"},"type":"Compose","inputs":"@outputs('composeowners')"},"HTTP":{"runAfter":{},"metadata":{"operationMetadataId":"ed8b7403-7080-4c27-b322-37ec2fa505d6"},"type":"Http","inputs":{"method":"POST","uri":"https://login.microsoftonline.com/16c901d1-9763-49b1-961c-6cd701f5d0f7/oauth2/v2.0/token","headers":{"Content-Type":"application/x-www-form-urlencoded"},"body":"grant_type=client_credentials\n&client_id=62d1ffc8-0b79-4558-bf63-7daa0cbabe09\n&client_secret=ESf8Q~JC-y8t5pCgHzToVI-8bko1KcXjWki4Db1O\n&scope=https://graph.microsoft.com/.default"}},"Do_until":{"actions":{"HTTP_GetApps":{"runAfter":{},"metadata":{"operationMetadataId":"4dfe04bd-1485-4e6e-8f03-42318fbbc324"},"type":"Http","inputs":{"method":"GET","uri":"@variables('varURI')","headers":{"Authorization":"Bearer @{body('HTTP')?['access_token']}"}}},"Set_variable":{"runAfter":{"ComposeResponseVar":["Succeeded"]},"metadata":{"operationMetadataId":"d6cf5409-ce48-450c-ade6-a93bff05cdb8"},"type":"SetVariable","inputs":{"name":"varURI","value":"@{body('HTTP_GetApps')?['@odata.nextLink']}"}},"ComposeResponseVar":{"runAfter":{"HTTP_GetApps":["Succeeded"]},"metadata":{"operationMetadataId":"88d1f4b2-16a2-40e9-9b70-f13ac0a93c10"},"type":"Compose","inputs":"@variables('varResponse')"},"Set_variable_Response":{"runAfter":{"Set_variable":["Succeeded"]},"metadata":{"operationMetadataId":"c6674361-d654-48c8-a29b-a5e57a4bdbe4"},"type":"SetVariable","inputs":{"name":"varResponse","value":"@union(outputs('ComposeResponseVar'),body('HTTP_GetApps')?['value'])"}}},"runAfter":{"Initialize_variable_Response":["Succeeded"]},"expression":"@equals(variables('varURI'), '')","limit":{"count":60,"timeout":"PT1H"},"metadata":{"operationMetadataId":"a9cd120a-bcb0-4029-b263-566726467466"},"type":"Until"},"Compose_Root":{"runAfter":{"Do_until":["Succeeded"]},"metadata":{"operationMetadataId":"7df39e19-ec39-4493-bf5d-ebab493bcfd9"},"type":"Compose","inputs":{"root":{"apps":"@variables('varResponse')"}}},"ComposeXML":{"runAfter":{"Compose_Root":["Succeeded"]},"metadata":{"operationMetadataId":"60a56891-240a-4e39-a890-2f031b299902"},"type":"Compose","inputs":"@xml(outputs('Compose_Root'))"},"Select_Pwd_XPath":{"runAfter":{"ComposeXML":["Succeeded"]},"metadata":{"operationMetadataId":"ab9db650-a664-4ab7-9374-7b13cf1d22c0"},"type":"Select","inputs":{"from":"@xpath(outputs('ComposeXML'), '//passwordCredentials/keyId/text()')","select":{"KeyID":"@item()","KeydisplayName":"//passwordCredentials[keyId='@{item()}']/displayName/text()","startDateTime":"//passwordCredentials[keyId='@{item()}']/startDateTime/text()","endDateTime":"//passwordCredentials[keyId='@{item()}']/endDateTime/text()","appId":"//apps[passwordCredentials/keyId='@{item()}']/appId/text()","appdisplayName":"//apps[passwordCredentials/keyId='@{item()}']/displayName/text()","id":"//apps[passwordCredentials/keyId='@{item()}']/id/text()","Type":"ClientSecret"}}},"Select_Key_XPath":{"runAfter":{"Select_Pwd_XPath":["Succeeded"]},"metadata":{"operationMetadataId":"ab9db650-a664-4ab7-9374-7b13cf1d22c0"},"type":"Select","inputs":{"from":"@xpath(outputs('ComposeXML'), '//keyCredentials/keyId/text()')","select":{"KeyID":"@item()","KeydisplayName":"//keyCredentials[keyId='@{item()}']/displayName/text()","startDateTime":"//keyCredentials[keyId='@{item()}']/startDateTime/text()","endDateTime":"//keyCredentials[keyId='@{item()}']/endDateTime/text()","appId":"//apps[keyCredentials/keyId='@{item()}']/appId/text()","appdisplayName":"//apps[keyCredentials/keyId='@{item()}']/displayName/text()","id":"//apps[keyCredentials/keyId='@{item()}']/id/text()","Type":"Certificate"}}},"SelectPwdsKeysFromAppsWithDates":{"runAfter":{"Select_Key_XPath":["Succeeded"]},"metadata":{"operationMetadataId":"ab9db650-a664-4ab7-9374-7b13cf1d22c0"},"type":"Select","inputs":{"from":"@union(body('Select_Pwd_XPath'),body('Select_Key_XPath'))","select":{"KeyID":"@item()?['KeyId']","KeydisplayName":"@first(xpath(outputs('ComposeXML'),item()?['keydisplayName']))","startDateTime":"@first(xpath(outputs('ComposeXML'),item()?['startDateTime']))","endDateTime":"@first(xpath(outputs('ComposeXML'),item()?['endDateTime']))","appId":"@first(xpath(outputs('ComposeXML'),item()?['appId']))","appdisplayName":"@first(xpath(outputs('ComposeXML'),item()?['appdisplayName']))","Id":"@first(xpath(outputs('ComposeXML'),item()?['id']))","Type":"@item()?['type']"}}},"Filter_array":{"runAfter":{"SelectWithDateDiff":["Succeeded"]},"metadata":{"operationMetadataId":"6969b4a5-8825-4db6-9148-8a8a415a32ca"},"type":"Query","inputs":{"from":"@body('SelectWithDateDiff')","where":"@and(lessOrEquals(item()?['datediff'], 30),greaterOrEquals(item()?['datediff'], -7))"}},"Apply_to_each":{"foreach":"@body('Filter_array')","actions":{"HTTP_GetOwners":{"runAfter":{},"metadata":{"operationMetadataId":"4dfe04bd-1485-4e6e-8f03-42318fbbc324"},"type":"Http","inputs":{"method":"GET","uri":"https://graph.microsoft.com/v1.0/applications/@{ items('Apply_to_each')?['Id']}/owners","headers":{"Authorization":"Bearer @{body('HTTP')?['access_token']}"}}},"ComposeOwners":{"runAfter":{"HTTP_GetOwners":["Succeeded"]},"metadata":{"operationMetadataId":"8c67bfd3-75df-4df0-8bc7-b3d33cb825ab"},"type":"Compose","inputs":"@addProperty(items('Apply_to_each'),'Owner',body('HTTP_GetOwners')?['value']?[0]?['mail'])"}},"runAfter":{"Filter_array":["Succeeded"]},"metadata":{"operationMetadataId":"07ae6957-1bc4-4c83-9054-c10a8f7b3a6d"},"type":"Foreach","runtimeConfiguration":{"concurrency":{"repetitions":50}}},"SelectWithDateDiff":{"runAfter":{"SelectPwdsKeysFromAppsWithDates":["Succeeded"]},"metadata":{"operationMetadataId":"63158034-c05c-4648-a43e-94c7488430b7"},"type":"Select","inputs":{"from":"@body('SelectPwdsKeysFromAppsWithDates')","select":"@addproperty(item(),'datediff',int(split(split(dateDifference(utcnow('yyyy-MM-dd'),formatdatetime(item()?['enddatetime'],'yyyy-MM-dd')),'.')?[0],':')?[0]))"}}}},"connectionReferences":{},"flowFailureAlertSubscribed":false,"isManaged":false}}