{"name":"38d70a78-b478-4be7-9978-b210441762fe","id":"/providers/Microsoft.Flow/flows/38d70a78-b478-4be7-9978-b210441762fe","type":"Microsoft.Flow/flows","properties":{"apiId":"/providers/Microsoft.PowerApps/apis/shared_logicflows","displayName":"Solution add object to nested array","definition":{"metadata":{"workflowEntityId":null,"processAdvisorMetadata":null,"flowclientsuspensionreason":"None","flowclientsuspensiontime":null,"flowclientsuspensionreasondetails":null,"creator":{"id":"6c646262-4f6f-4bfb-88c7-86b3d1252cac","type":"User","tenantId":"16c901d1-9763-49b1-961c-6cd701f5d0f7"},"provisioningMethod":"FromDefinition","failureAlertSubscription":true,"clientLastModifiedTime":"2022-09-02T14:45:07.0484907Z"},"$schema":"https://schema.management.azure.com/providers/Microsoft.Logic/schemas/2016-06-01/workflowdefinition.json#","contentVersion":"1.0.0.0","parameters":{"$authentication":{"defaultValue":{},"type":"SecureObject"}},"triggers":{"manual":{"metadata":{"operationMetadataId":"ba81f678-dd30-49f6-98d2-074d10734e39"},"type":"Request","kind":"Button","inputs":{"schema":{"type":"object","properties":{},"required":[]}}}},"actions":{"Compose":{"runAfter":{},"metadata":{"operationMetadataId":"da9f566c-f4e8-44d1-8000-e699a9c08e2b"},"type":"Compose","inputs":{"key":"value","object":{"anotherkey":"anothervalue","anarray":[{"ExistingKey":"AndValue"}]}}},"ComposeUnion":{"runAfter":{"Compose_ObjectToAdd":["Succeeded"]},"metadata":{"operationMetadataId":"c76c87b0-4de4-42c4-8f2b-80fff9de9860"},"type":"Compose","inputs":"@union(outputs('Compose')?['object/anarray'],outputs('Compose_ObjectToAdd'))","description":"union(outputs('Compose')?['object/anarray'],outputs('Compose_ObjectToAdd'))"},"Compose_ObjectToAdd":{"runAfter":{"Compose":["Succeeded"]},"metadata":{"operationMetadataId":"6a5e642a-d606-49a2-bb1c-6aa05cb3aa6d"},"type":"Compose","inputs":[{"ANewKey":"AndValue"}]},"ComposeUpdateAnArray":{"runAfter":{"ComposeUnion":["Succeeded"]},"metadata":{"operationMetadataId":"025ca011-fe5f-4491-a9ce-beb008adc707"},"type":"Compose","inputs":"@setProperty(outputs('Compose')?['object'],'anarray',outputs('ComposeUnion'))","description":"setProperty(outputs('Compose')?['object'],'anarray',outputs('ComposeUnion'))"},"ComposeUpdateObject":{"runAfter":{"ComposeUpdateAnArray":["Succeeded"]},"metadata":{"operationMetadataId":"025ca011-fe5f-4491-a9ce-beb008adc707"},"type":"Compose","inputs":"@setProperty(outputs('Compose'), 'object', outputs('ComposeUpdateAnArray'))","description":"setProperty(outputs('Compose'), 'object', outputs('ComposeUpdateAnArray'))"}}},"connectionReferences":{},"flowFailureAlertSubscribed":false,"isManaged":false}}