{"name":"7db12613-ec7a-47cb-8dd2-e6c9b36229d6","id":"/providers/Microsoft.Flow/flows/7db12613-ec7a-47cb-8dd2-e6c9b36229d6","type":"Microsoft.Flow/flows","properties":{"apiId":"/providers/Microsoft.PowerApps/apis/shared_logicflows","displayName":"Solution Attach Images from Form to Email","definition":{"metadata":{"workflowEntityId":null,"processAdvisorMetadata":null,"flowclientsuspensionreason":"None","flowclientsuspensiontime":null,"creator":{"id":"6c646262-4f6f-4bfb-88c7-86b3d1252cac","type":"User","tenantId":"16c901d1-9763-49b1-961c-6cd701f5d0f7"},"provisioningMethod":"FromDefinition","failureAlertSubscription":true,"clientLastModifiedTime":"2021-11-14T20:12:31.2201874Z"},"$schema":"https://schema.management.azure.com/providers/Microsoft.Logic/schemas/2016-06-01/workflowdefinition.json#","contentVersion":"1.0.0.0","parameters":{"$connections":{"defaultValue":{},"type":"Object"},"$authentication":{"defaultValue":{},"type":"SecureObject"}},"triggers":{"When_a_new_response_is_submitted":{"splitOn":"@triggerOutputs()?['body/value']","metadata":{"operationMetadataId":"1692a9a6-6947-4797-bb97-6b8690d31102"},"type":"OpenApiConnectionWebhook","inputs":{"host":{"apiId":"/providers/Microsoft.PowerApps/apis/shared_microsoftforms","connectionName":"shared_microsoftforms","operationId":"CreateFormWebhook"},"parameters":{"form_id":"0QHJFmOXsUmWHGzXAfXQ92JiZGxvT_tLiMeGs9ElLKxUMkVPWDA2SFNTVFhVWDlHWExRMFc2Uk5WQi4u"},"authentication":"@parameters('$authentication')"}}},"actions":{"Get_response_details":{"runAfter":{},"metadata":{"operationMetadataId":"bd5a6493-fd3d-43cc-ae08-23ac4423f977"},"type":"OpenApiConnection","inputs":{"host":{"apiId":"/providers/Microsoft.PowerApps/apis/shared_microsoftforms","connectionName":"shared_microsoftforms","operationId":"GetFormResponseById"},"parameters":{"form_id":"0QHJFmOXsUmWHGzXAfXQ92JiZGxvT_tLiMeGs9ElLKxUMkVPWDA2SFNTVFhVWDlHWExRMFc2Uk5WQi4u","response_id":"@triggerOutputs()?['body/resourceData/responseId']"},"authentication":"@parameters('$authentication')"}},"Select":{"runAfter":{"Get_response_details":["Succeeded"]},"metadata":{"operationMetadataId":"a70bc1b1-edeb-4c1b-a7b5-c5f95e1c4eac"},"type":"Select","inputs":{"from":"@json(outputs('Get_response_details')?['body/refeb29e786884015a41539346fa65b84'])","select":{"Link":"@item()?['link']","Name":"@item()?['name']"}},"description":"FROM: json(outputs('Get_response_details')?['body/refeb29e786884015a41539346fa65b84']) LINK: item()?['link'] NAME: item()?['name']"},"Filter_array":{"runAfter":{"Select":["Succeeded"]},"metadata":{"operationMetadataId":"433e6101-74d5-48e2-9108-4710c8424516"},"type":"Query","inputs":{"from":"@body('Select')","where":"@endswith(item()?['name'], '.jpg')"},"description":"item()?['name'] ends with .jpg"},"Apply_to_each":{"foreach":"@body('Filter_array')","actions":{"AttachmentContent":{"runAfter":{"HTMLimg":["Succeeded"]},"metadata":{"operationMetadataId":"122ff52f-c279-432b-9f2e-cc55e7df9c9f"},"type":"Compose","inputs":{"Name":"@{items('Apply_to_each')?['name']}","ContentBytes":"@outputs('Get_file_content_using_path')?['body']"},"description":"Option 2 - add image as attachment to email "},"Get_file_content_using_path":{"runAfter":{},"metadata":{"operationMetadataId":"5326ebd3-d306-4716-bd2a-e5a94b092455"},"type":"OpenApiConnection","inputs":{"host":{"apiId":"/providers/Microsoft.PowerApps/apis/shared_onedriveforbusiness","connectionName":"shared_onedriveforbusiness","operationId":"GetFileContentByPath"},"parameters":{"path":"@decodeUriComponent(substring(item()?['Link'],indexof(item()?['Link'],'/Apps/')))","inferContentType":true},"authentication":"@parameters('$authentication')"},"description":"decodeUriComponent(substring(item()?['Link'],indexof(item()?['Link'],'/Apps/')))"},"HTMLimg":{"runAfter":{"Get_file_content_using_path":["Succeeded"]},"metadata":{"operationMetadataId":"8f4e373e-483f-4488-b4a5-b4ffefc1b78c"},"type":"Compose","inputs":"<img src=\"data:image/jpeg;base64,@{body('Get_file_content_using_path')['$content']}\" alt=\"@{item()?['name']}\" />","description":"Option 1 - display image in HTML"}},"runAfter":{"Filter_array":["Succeeded"]},"metadata":{"operationMetadataId":"8b6a260a-a75e-4eac-ae51-65e290bd04c1"},"type":"Foreach","description":"BODY OF FILTER ARRAY"},"Send_an_email_(V2)":{"runAfter":{"HTMLofimgs":["Succeeded"]},"metadata":{"operationMetadataId":"2a1d8456-c2ae-4547-8305-385943b146b0"},"type":"OpenApiConnection","inputs":{"host":{"apiId":"/providers/Microsoft.PowerApps/apis/shared_office365","connectionName":"shared_office365_1","operationId":"SendEmailV2"},"parameters":{"emailMessage/To":"damien@abdndamodev.onmicrosoft.com","emailMessage/Subject":"Form Attachments","emailMessage/Body":"<p>Attached are the JPG images sent via the form but also included below to view.</p>\n@{outputs('HTMLofimgs')}","emailMessage/Attachments":"@variables('AttachmentsArray')"},"authentication":"@parameters('$authentication')"},"description":"ATTACHMENTS: union(outputs('AttachmentContent'),outputs('AnotherFile'))"},"AnotherFile":{"runAfter":{"Get_file_content_of_additional_file":["Succeeded"]},"metadata":{"operationMetadataId":"ae449d28-b0f2-4ccd-861c-6f702092a737"},"type":"Compose","inputs":{"Name":"APowerPoint.pptx","ContentBytes":"@outputs('Get_file_content_of_additional_file')?['body']"}},"Get_file_content_of_additional_file":{"runAfter":{"Apply_to_each":["Succeeded"]},"metadata":{"b!BOIVsACSM02nAvrKA5sQqce2eGDhytpJrD6Ky1g1xl_-qoaIOl6yRo2252_HSDPt.01SRF3RDUU2MHMQQLZGNFYSUJP7CPML4RT":"/Dynamic Charts.pptx","operationMetadataId":"3212b4df-9e86-44e2-bdc9-ac9f5d3e3426"},"type":"OpenApiConnection","inputs":{"host":{"apiId":"/providers/Microsoft.PowerApps/apis/shared_onedriveforbusiness","connectionName":"shared_onedriveforbusiness","operationId":"GetFileContent"},"parameters":{"id":"b!BOIVsACSM02nAvrKA5sQqce2eGDhytpJrD6Ky1g1xl_-qoaIOl6yRo2252_HSDPt.01SRF3RDUU2MHMQQLZGNFYSUJP7CPML4RT","inferContentType":true},"authentication":"@parameters('$authentication')"}},"Initialize_variable":{"runAfter":{"AnotherFile":["Succeeded"]},"metadata":{"operationMetadataId":"79cff506-20a1-4398-a46e-8051ff62a1fd"},"type":"InitializeVariable","inputs":{"variables":[{"name":"AttachmentsArray","type":"array","value":"@outputs('AttachmentContent')"}]}},"Append_to_array_variable":{"runAfter":{"Initialize_variable":["Succeeded"]},"metadata":{"operationMetadataId":"41f33fae-3a97-4ca1-9137-b1755e478fdd"},"type":"AppendToArrayVariable","inputs":{"name":"AttachmentsArray","value":"@outputs('AnotherFile')"},"description":"AnotherFile - append to array of images from Forms"},"HTMLofimgs":{"runAfter":{"Append_to_array_variable":["Succeeded"]},"metadata":{"operationMetadataId":"6c7bfaaa-678c-4a58-8d18-79500995be6a"},"type":"Compose","inputs":"@join(outputs('htmlimg'),'<br>')"}}},"connectionReferences":{"shared_microsoftforms":{"connectionName":"shared-microsoftform-612f618d-6722-4233-96e1-2c35-80c07446","source":"Embedded","id":"/providers/Microsoft.PowerApps/apis/shared_microsoftforms","tier":"NotSpecified"},"shared_onedriveforbusiness":{"connectionName":"shared-onedriveforbu-5a107753-9d6f-4fbf-957e-72c6-987acc35","source":"Embedded","id":"/providers/Microsoft.PowerApps/apis/shared_onedriveforbusiness","tier":"NotSpecified"},"shared_office365_1":{"connectionName":"shared-office365-317ae980-9c07-44b3-ab56-a946-2af2ece0","source":"Embedded","id":"/providers/Microsoft.PowerApps/apis/shared_office365","tier":"NotSpecified"}},"flowFailureAlertSubscribed":false}}