{"name":"b032c72c-976a-446a-aecc-35849272f2b3","id":"/providers/Microsoft.Flow/flows/b032c72c-976a-446a-aecc-35849272f2b3","type":"Microsoft.Flow/flows","properties":{"apiId":"/providers/Microsoft.PowerApps/apis/shared_logicflows","displayName":"Solution Reddit x43oz3","definition":{"metadata":{"workflowEntityId":null,"processAdvisorMetadata":null,"flowclientsuspensionreason":"None","flowclientsuspensiontime":null,"flowclientsuspensionreasondetails":null,"creator":{"id":"6c646262-4f6f-4bfb-88c7-86b3d1252cac","type":"User","tenantId":"16c901d1-9763-49b1-961c-6cd701f5d0f7"},"provisioningMethod":"FromDefinition","failureAlertSubscription":true,"clientLastModifiedTime":"2022-09-02T15:15:40.6108537Z"},"$schema":"https://schema.management.azure.com/providers/Microsoft.Logic/schemas/2016-06-01/workflowdefinition.json#","contentVersion":"1.0.0.0","parameters":{"$authentication":{"defaultValue":{},"type":"SecureObject"}},"triggers":{"manual":{"metadata":{"operationMetadataId":"372cd9f0-026a-42a6-81c0-629042fd6db9"},"type":"Request","kind":"Button","inputs":{"schema":{"type":"object","properties":{},"required":[]}}}},"actions":{"Compose":{"runAfter":{},"metadata":{"operationMetadataId":"ca547b1e-c33a-4030-8509-23ebc22ac3cb"},"type":"Compose","inputs":{"Allocations":[],"Audits":[],"Approvals":[]}},"ComposeCreateArray":{"runAfter":{"Compose":["Succeeded"]},"metadata":{"operationMetadataId":"07757e5a-54b1-49ec-89d6-d279f7e4d5da"},"type":"Compose","inputs":["@outputs('Compose')"]},"Create_CSV_table":{"runAfter":{"ComposeCreateArray":["Succeeded"]},"metadata":{"operationMetadataId":"b249afd4-efe3-45df-80e2-0b071086488a"},"type":"Table","inputs":{"from":"@outputs('ComposeCreateArray')","format":"CSV"}},"ComposeReturnLine":{"runAfter":{"Create_CSV_table":["Succeeded"]},"metadata":{"operationMetadataId":"b944f9da-a476-4b82-b613-e2bb99f24538"},"type":"Compose","inputs":"\n"},"ComposeList":{"runAfter":{"ComposeReturnLine":["Succeeded"]},"metadata":{"operationMetadataId":"98c224ec-82d8-4030-a961-40d39f299359"},"type":"Compose","inputs":"@first(split(body('Create_CSV_table'),outputs('ComposeReturnLine')))"}}},"connectionReferences":{},"flowFailureAlertSubscribed":false,"isManaged":false}}