<environmentvariabledefinition schemaname="db365_AlertEmailAddress">
  <description default="Who should receive the alert?">
    <label description="Who should receive the alert?" languagecode="1033" />
  </description>
  <displayname default="Alert Email Address">
    <label description="Alert Email Address" languagecode="1033" />
  </displayname>
  <introducedversion>1.0.0.0</introducedversion>
  <iscustomizable>1</iscustomizable>
  <isrequired>0</isrequired>
  <secretstore>0</secretstore>
  <type>100000000</type>
</environmentvariabledefinition>