{"name":"415e21d2-4259-420e-8b3e-ace85767d141","id":"/providers/Microsoft.Flow/flows/415e21d2-4259-420e-8b3e-ace85767d141","type":"Microsoft.Flow/flows","properties":{"apiId":"/providers/Microsoft.PowerApps/apis/shared_logicflows","displayName":"Solution Bulk Import Planner Tasks from Excel with Check List and File Attachment","definition":{"metadata":{"workflowEntityId":null,"processAdvisorMetadata":null,"flowclientsuspensionreason":"None","flowclientsuspensiontime":null,"creator":{"id":"6c646262-4f6f-4bfb-88c7-86b3d1252cac","type":"User","tenantId":"16c901d1-9763-49b1-961c-6cd701f5d0f7"},"provisioningMethod":"FromDefinition","failureAlertSubscription":true,"clientLastModifiedTime":"2022-02-18T18:51:22.5813067Z"},"$schema":"https://schema.management.azure.com/providers/Microsoft.Logic/schemas/2016-06-01/workflowdefinition.json#","contentVersion":"1.0.0.0","parameters":{"$connections":{"defaultValue":{},"type":"Object"},"$authentication":{"defaultValue":{},"type":"SecureObject"}},"triggers":{"manual":{"metadata":{"operationMetadataId":"66c17fc0-0d40-4129-854d-42dcdca9ff0f"},"type":"Request","kind":"Button","inputs":{"schema":{"type":"object","properties":{},"required":[]}}}},"actions":{"Apply_to_each":{"foreach":"@outputs('ListRowsTableTasks')?['body/value']","actions":{"Create_a_task":{"runAfter":{},"metadata":{"operationMetadataId":"b0cd9f6b-2b16-4b5e-a5db-16aaec6bcac8"},"type":"OpenApiConnection","inputs":{"host":{"apiId":"/providers/Microsoft.PowerApps/apis/shared_planner","connectionName":"shared_planner","operationId":"CreateTask_V4"},"parameters":{"body/groupId":"@outputs('ListRowsTableConfig')?['body/value']?[0]?['Group ID']","body/planId":"@First(body('Filter_array_Plan_ID'))?['id']","body/title":"@items('Apply_to_each')?['Title']","body/bucketId":"@outputs('ComposeBucketsArray')?[items('Apply_to_each')?['Bucket Id']]","body/startDateTime":"@items('Apply_to_each')?['Start Date Time']","body/dueDateTime":"@formatDateTime(Adddays(items('Apply_to_each')?['Start Date Time'],7),'yyyy-MM-dd')","body/assignments":"@items('Apply_to_each')?['Assigned User Ids']","body/appliedCategories/category1":"@If(equals(items('Apply_to_each')?['Category'],'Pink'),true,false)","body/appliedCategories/category2":"@If(equals(items('Apply_to_each')?['Category'],'Red'),true,false)","body/appliedCategories/category3":"@If(equals(items('Apply_to_each')?['Category'],'Yellow'),true,false)","body/appliedCategories/category4":"@If(equals(items('Apply_to_each')?['Category'],'Green'),true,false)","body/appliedCategories/category5":"@If(equals(items('Apply_to_each')?['Category'],'Blue'),true,false)","body/priority":"@items('Apply_to_each')?['Priority']"},"authentication":{"value":"@json(decodeBase64(triggerOutputs().headers['X-MS-APIM-Tokens']))['$ConnectionKey']","type":"Raw"}}},"Update_task_details":{"runAfter":{"SelectAttachments":["Succeeded"]},"metadata":{"operationMetadataId":"78b106ad-0774-46ba-9432-147c47f29f72"},"type":"OpenApiConnection","inputs":{"host":{"apiId":"/providers/Microsoft.PowerApps/apis/shared_planner","connectionName":"shared_planner","operationId":"UpdateTaskDetails_V2"},"parameters":{"id":"@outputs('Create_a_task')?['body/id']","body/references":"@body('SelectAttachments')","body/checklist":"@body('SelectCheckList')"},"authentication":{"value":"@json(decodeBase64(triggerOutputs().headers['X-MS-APIM-Tokens']))['$ConnectionKey']","type":"Raw"}}},"SelectCheckList":{"runAfter":{"Create_a_task":["Succeeded"]},"metadata":{"operationMetadataId":"485dafc2-a37e-4c38-a42b-35e6d15e3e86"},"type":"Select","inputs":{"from":"@range(0,length(split(items('Apply_to_each')?['Check List'],',')))","select":{"id":"@item()","title":"@split(items('Apply_to_each')?['Check List'],',')?[item()]","isChecked":"false"}},"description":"FROM: range(0,length(split(items('Apply_to_each')?['Check List'],','))) id: item() title: split(items('Apply_to_each')?['Check List'],',')?[item()]"},"SelectAttachments":{"runAfter":{"SelectCheckList":["Succeeded"]},"metadata":{"operationMetadataId":"3f3d7c02-a8b3-44db-be74-ebb45c787622"},"type":"Select","inputs":{"from":"@range(0,length(split(items('Apply_to_each')?['File Attachment'],',')))","select":{"alias":"@substring( split(items('Apply_to_each')?['File Attachment'],',')?[item()] , lastindexof(split(items('Apply_to_each')?['File Attachment'],',')?[item()],'/'))","resourceLink":"@split(items('Apply_to_each')?['File Attachment'],',')?[item()]","type":"@If(endsWith(items('Apply_to_each')?['File Attachment']?[item()],'xlsx'),'Excel','Word')"}}}},"runAfter":{"ComposeBucketsArray":["Succeeded"]},"metadata":{"operationMetadataId":"ad0a24c0-1556-4570-ac51-28ff919c59c2"},"type":"Foreach"},"List_plans_for_a_group":{"runAfter":{"ListRowsTableConfig":["Succeeded"]},"metadata":{"operationMetadataId":"49799b13-640a-4087-9afa-ec6d9cb504b8"},"type":"OpenApiConnection","inputs":{"host":{"apiId":"/providers/Microsoft.PowerApps/apis/shared_planner","connectionName":"shared_planner","operationId":"ListGroupPlans"},"parameters":{"groupId":"d53b0c54-44cb-47c0-aec2-adc7a9f81758"},"authentication":{"value":"@json(decodeBase64(triggerOutputs().headers['X-MS-APIM-Tokens']))['$ConnectionKey']","type":"Raw"}}},"List_buckets":{"runAfter":{"Filter_array_Plan_ID":["Succeeded"]},"metadata":{"operationMetadataId":"1cc076fc-c2c9-4b5c-ad42-6e43bb3e31f4"},"type":"OpenApiConnection","inputs":{"host":{"apiId":"/providers/Microsoft.PowerApps/apis/shared_planner","connectionName":"shared_planner","operationId":"ListBuckets_V3"},"parameters":{"groupId":"ea494339-caa5-449c-9973-202c56a75738","id":"@body('Filter_array_Plan_ID')?[0]?['Id']"},"authentication":{"value":"@json(decodeBase64(triggerOutputs().headers['X-MS-APIM-Tokens']))['$ConnectionKey']","type":"Raw"}},"description":"body('Filter_array_Plan_ID')?[0]?['Id']"},"Filter_array_Plan_ID":{"runAfter":{"List_plans_for_a_group":["Succeeded"]},"metadata":{"operationMetadataId":"10b7bf94-04f3-45cb-92e7-b3782af7203a"},"type":"Query","inputs":{"from":"@outputs('List_plans_for_a_group')?['body/value']","where":"@equals(item()?['title'], outputs('ListRowsTableConfig')?['body/value']?[0]?['Plan ID'])"},"description":"outputs('ListRowsTableConfig')?['body/value']?[0]?['Plan ID']"},"ListRowsTableTasks":{"runAfter":{},"metadata":{"01IG36NFV2XOPSKLG5HVFLDB4XPSOGZT2S":"/Monthly Tasks.xlsx","operationMetadataId":"4d89cc67-481d-462f-8240-0b0fd35355b4","tableId":"{7DF23F3D-E9F2-4A98-8398-B6AC564D49B7}","01UMIXLNVTWLSELA3E5JA2YSIZBG37AFSJ":"/Monthly Tasks.xlsx"},"type":"OpenApiConnection","inputs":{"host":{"apiId":"/providers/Microsoft.PowerApps/apis/shared_excelonlinebusiness","connectionName":"shared_excelonlinebusiness","operationId":"GetItems"},"parameters":{"source":"sites/abdndamodev.sharepoint.com,4cfce49f-9fc6-4446-a212-728bd5f34b0b,5493a17a-5db4-42fe-89fe-aa65d8a11738","drive":"b!n-T8TMafRkSiEnKL1fNLC3qhk1S0Xf5Cif6qZdihFzhyWyLGw222RaZNgF--foUc","file":"01UMIXLNVTWLSELA3E5JA2YSIZBG37AFSJ","table":"{7DF23F3D-E9F2-4A98-8398-B6AC564D49B7}","dateTimeFormat":"ISO 8601"},"authentication":{"value":"@json(decodeBase64(triggerOutputs().headers['X-MS-APIM-Tokens']))['$ConnectionKey']","type":"Raw"}}},"ListRowsTableConfig":{"runAfter":{"ListRowsTableTasks":["Succeeded"]},"metadata":{"01IG36NFV2XOPSKLG5HVFLDB4XPSOGZT2S":"/Monthly Tasks.xlsx","operationMetadataId":"02576d53-151f-4265-b131-b43c194a1b3d","tableId":"{A28FE80F-0B8C-4485-A9E1-9A6C3707A047}","01UMIXLNVTWLSELA3E5JA2YSIZBG37AFSJ":"/Monthly Tasks.xlsx"},"type":"OpenApiConnection","inputs":{"host":{"apiId":"/providers/Microsoft.PowerApps/apis/shared_excelonlinebusiness","connectionName":"shared_excelonlinebusiness","operationId":"GetItems"},"parameters":{"source":"sites/abdndamodev.sharepoint.com,4cfce49f-9fc6-4446-a212-728bd5f34b0b,5493a17a-5db4-42fe-89fe-aa65d8a11738","drive":"b!n-T8TMafRkSiEnKL1fNLC3qhk1S0Xf5Cif6qZdihFzhyWyLGw222RaZNgF--foUc","file":"01UMIXLNVTWLSELA3E5JA2YSIZBG37AFSJ","table":"{A28FE80F-0B8C-4485-A9E1-9A6C3707A047}"},"authentication":{"value":"@json(decodeBase64(triggerOutputs().headers['X-MS-APIM-Tokens']))['$ConnectionKey']","type":"Raw"}}},"SelectBuckets":{"runAfter":{"List_buckets":["Succeeded"]},"metadata":{"operationMetadataId":"29556d5a-6f0f-42be-81dc-6cb9fa96dd4e"},"type":"Select","inputs":{"from":"@outputs('List_buckets')?['body/value']","select":"@concat('\"', Item()?['Name'] , '\":\"', item()?['id'], '\"')"},"description":"concat('\"', Item()?['Name'] , '\":\"', item()?['id'], '\"')"},"ComposeBucketsArray":{"runAfter":{"SelectBuckets":["Succeeded"]},"metadata":{"operationMetadataId":"24fe5699-107c-45e8-b6bd-96d23900398d"},"type":"Compose","inputs":"@json(concat('{', join(body('SelectBuckets'), ','), '}'))","description":"json(concat('{', join(body('SelectBuckets'), ','), '}'))"}}},"connectionReferences":{"shared_planner":{"connectionName":"shared-planner-24ee1f34-fbfa-449a-b000-a596-09f87808","source":"Invoker","id":"/providers/Microsoft.PowerApps/apis/shared_planner","tier":"NotSpecified"},"shared_excelonlinebusiness":{"connectionName":"shared-excelonlinebu-47960226-b338-4d03-bbc1-dcfb-43cc2fda","source":"Invoker","id":"/providers/Microsoft.PowerApps/apis/shared_excelonlinebusiness","tier":"NotSpecified"}},"flowFailureAlertSubscribed":false}}